PRODUCT_ID,JOB_ID,DATE,QUANTITY,SHIFT,TEAM
PROD001,JOB-1029,2025-08-31,3.29,Day,Team B
PROD001,JOB-1289,2025-09-01,8.26,Night,Team B
PROD001,JOB-1593,2025-09-02,10.37,Night,Team C
PROD001,JOB-1529,2025-09-03,5.32,Night,Team A
PROD001,JOB-1269,2025-09-04,4.46,Night,Team A
PROD001,JOB-1343,2025-09-05,3.57,Day,Team A
PROD001,JOB-1174,2025-09-06,3.45,Night,Team B
PROD001,JOB-1205,2025-09-07,1.54,Day,Team B
PROD001,JOB-1989,2025-09-08,4.92,Day,Team C
PROD001,JOB-1010,2025-09-09,7.79,Night,Team A
PROD001,JOB-1995,2025-09-10,7.67,Day,Team A
PROD001,JOB-1617,2025-09-11,7.29,Day,Team B
PROD001,JOB-1568,2025-09-12,5.16,Day,Team A
PROD001,JOB-1484,2025-09-13,2.94,Day,Team A
PROD001,JOB-1842,2025-09-14,1.81,Night,Team A
PROD001,JOB-1742,2025-09-15,5.72,Night,Team A
PROD001,JOB-1961,2025-09-16,8.23,Day,Team A
PROD001,JOB-1980,2025-09-17,4.71,Night,Team C
PROD001,JOB-1212,2025-09-18,6.54,Night,Team A
PROD001,JOB-1043,2025-09-19,7.5,Night,Team B
PROD001,JOB-1830,2025-09-20,2.97,Day,Team B
PROD001,JOB-1975,2025-09-21,1.91,Day,Team A
PROD001,JOB-1069,2025-09-22,7.24,Night,Team C
PROD001,JOB-1292,2025-09-23,8.39,Day,Team B
PROD001,JOB-1529,2025-09-24,2.99,Night,Team C
PROD001,JOB-1080,2025-09-25,2.98,Night,Team C
PROD001,JOB-1870,2025-09-26,7.74,Night,Team B
PROD001,JOB-1106,2025-09-27,4.0,Day,Team A
PROD001,JOB-1959,2025-09-28,3.35,Night,Team B
PROD001,JOB-1941,2025-09-29,9.09,Night,Team B
PROD001,JOB-1017,2025-09-30,3.08,Night,Team A
PROD001,JOB-1622,2025-10-01,3.74,Day,Team B
PROD001,JOB-1393,2025-10-02,0.48,Night,Team C
PROD001,JOB-1074,2025-10-03,1.38,Night,Team A
PROD001,JOB-1706,2025-10-04,0.94,Night,Team C
PROD001,JOB-1770,2025-10-05,1.11,Day,Team C
PROD001,JOB-1037,2025-10-06,5.95,Day,Team B
PROD001,JOB-1402,2025-10-07,8.81,Day,Team B
PROD001,JOB-1362,2025-10-08,5.95,Night,Team A
PROD001,JOB-1948,2025-10-09,3.54,Day,Team C
PROD001,JOB-1324,2025-10-10,2.31,Night,Team A
PROD001,JOB-1597,2025-10-11,0.92,Night,Team C
PROD001,JOB-1869,2025-10-12,0.0,Day,Team A
PROD001,JOB-1722,2025-10-13,7.39,Day,Team A
PROD001,JOB-1882,2025-10-14,3.31,Day,Team C
PROD001,JOB-1534,2025-10-15,6.23,Night,Team A
PROD001,JOB-1183,2025-10-16,3.06,Day,Team C
PROD001,JOB-1267,2025-10-17,3.63,Night,Team C
PROD001,JOB-1009,2025-10-18,1.14,Night,Team A
PROD001,JOB-1561,2025-10-19,0.36,Night,Team C
PROD001,JOB-1059,2025-10-20,5.71,Night,Team A
PROD001,JOB-1482,2025-10-21,7.01,Night,Team C
PROD001,JOB-1289,2025-10-22,7.27,Night,Team B
PROD001,JOB-1059,2025-10-23,2.75,Day,Team A
PROD001,JOB-1737,2025-10-24,0.0,Night,Team C
PROD001,JOB-1772,2025-10-25,2.88,Day,Team B
PROD001,JOB-1398,2025-10-26,3.73,Day,Team A
PROD001,JOB-1654,2025-10-27,8.08,Night,Team C
PROD001,JOB-1520,2025-10-28,5.52,Night,Team C
PROD001,JOB-1876,2025-10-29,0.2,Day,Team A
PROD001,JOB-1542,2025-10-30,2.88,Night,Team C
PROD001,JOB-1219,2025-10-31,0.47,Day,Team B
PROD001,JOB-1576,2025-11-01,1.83,Day,Team C
PROD001,JOB-1189,2025-11-02,3.12,Night,Team B
PROD001,JOB-1034,2025-11-03,1.79,Day,Team C
PROD001,JOB-1780,2025-11-04,0.73,Day,Team A
PROD001,JOB-1402,2025-11-05,3.54,Night,Team B
PROD001,JOB-1331,2025-11-06,0.0,Night,Team A
PROD001,JOB-1363,2025-11-07,2.45,Night,Team B
PROD001,JOB-1320,2025-11-08,0.84,Night,Team A
PROD001,JOB-1482,2025-11-09,3.65,Night,Team B
PROD001,JOB-1109,2025-11-10,6.72,Day,Team B
PROD001,JOB-1263,2025-11-11,1.39,Night,Team A
PROD001,JOB-1641,2025-11-12,4.7,Day,Team B
PROD001,JOB-1746,2025-11-13,0.0,Day,Team A
PROD001,JOB-1363,2025-11-14,0.0,Day,Team B
PROD001,JOB-1473,2025-11-15,1.06,Night,Team A
PROD001,JOB-1467,2025-11-16,1.99,Day,Team B
PROD001,JOB-1730,2025-11-17,5.23,Night,Team C
PROD001,JOB-1397,2025-11-18,3.4,Night,Team B
PROD001,JOB-1515,2025-11-19,1.15,Day,Team C
PROD001,JOB-1504,2025-11-20,0.0,Night,Team C
PROD001,JOB-1479,2025-11-21,2.73,Day,Team A
PROD001,JOB-1237,2025-11-22,0.28,Night,Team B
PROD001,JOB-1201,2025-11-23,0.27,Night,Team C
PROD001,JOB-1718,2025-11-24,2.57,Day,Team A
PROD001,JOB-1780,2025-11-25,6.56,Day,Team B
PROD001,JOB-1278,2025-11-26,3.57,Day,Team B
PROD001,JOB-1060,2025-11-27,0.86,Day,Team B
PROD001,JOB-1153,2025-11-28,2.89,Night,Team B
PROD002,JOB-1104,2025-08-31,6.07,Night,Team C
PROD002,JOB-1256,2025-09-01,18.85,Day,Team C
PROD002,JOB-1034,2025-09-02,13.46,Day,Team B
PROD002,JOB-1238,2025-09-03,13.66,Night,Team B
PROD002,JOB-1089,2025-09-04,14.53,Day,Team A
PROD002,JOB-1268,2025-09-05,10.53,Night,Team B
PROD002,JOB-1755,2025-09-06,6.94,Day,Team C
PROD002,JOB-1408,2025-09-07,6.7,Day,Team B
PROD002,JOB-1216,2025-09-08,15.02,Day,Team C
PROD002,JOB-1830,2025-09-09,8.41,Night,Team B
PROD002,JOB-1234,2025-09-10,13.0,Day,Team C
PROD002,JOB-1560,2025-09-11,11.85,Day,Team A
PROD002,JOB-1984,2025-09-12,12.86,Day,Team A
PROD002,JOB-1819,2025-09-13,4.56,Night,Team C
PROD002,JOB-1575,2025-09-14,4.24,Day,Team B
PROD002,JOB-1762,2025-09-15,14.39,Night,Team B
PROD002,JOB-1484,2025-09-16,16.11,Night,Team B
PROD002,JOB-1540,2025-09-17,17.88,Night,Team C
PROD002,JOB-1111,2025-09-18,12.39,Night,Team A
PROD002,JOB-1894,2025-09-19,11.41,Day,Team B
PROD002,JOB-1753,2025-09-20,3.8,Day,Team C
PROD002,JOB-1154,2025-09-21,5.1,Day,Team A
PROD002,JOB-1563,2025-09-22,14.38,Day,Team B
PROD002,JOB-1762,2025-09-23,11.78,Night,Team A
PROD002,JOB-1946,2025-09-24,16.93,Night,Team A
PROD002,JOB-1207,2025-09-25,11.09,Day,Team B
PROD002,JOB-1427,2025-09-26,10.25,Day,Team A
PROD002,JOB-1756,2025-09-27,6.23,Day,Team B
PROD002,JOB-1077,2025-09-28,4.98,Night,Team C
PROD002,JOB-1211,2025-09-29,12.72,Day,Team A
PROD002,JOB-1747,2025-09-30,14.82,Night,Team C
PROD002,JOB-1224,2025-10-01,13.42,Day,Team A
PROD002,JOB-1329,2025-10-02,13.59,Day,Team C
PROD002,JOB-1722,2025-10-03,10.92,Night,Team A
PROD002,JOB-1536,2025-10-04,5.63,Day,Team A
PROD002,JOB-1672,2025-10-05,5.5,Day,Team B
PROD002,JOB-1474,2025-10-06,16.82,Day,Team C
PROD002,JOB-1954,2025-10-07,14.99,Night,Team A
PROD002,JOB-1051,2025-10-08,17.66,Night,Team C
PROD002,JOB-1192,2025-10-09,13.11,Night,Team B
PROD002,JOB-1587,2025-10-10,14.1,Night,Team B
PROD002,JOB-1720,2025-10-11,6.78,Day,Team C
PROD002,JOB-1640,2025-10-12,4.64,Night,Team C
PROD002,JOB-1777,2025-10-13,19.03,Day,Team C
PROD002,JOB-1836,2025-10-14,13.4,Day,Team A
PROD002,JOB-1418,2025-10-15,11.43,Day,Team C
PROD002,JOB-1253,2025-10-16,12.18,Day,Team A
PROD002,JOB-1026,2025-10-17,16.4,Night,Team A
PROD002,JOB-1655,2025-10-18,6.62,Day,Team A
PROD002,JOB-1101,2025-10-19,5.2,Night,Team C
PROD002,JOB-1816,2025-10-20,17.0,Day,Team C
PROD002,JOB-1931,2025-10-21,15.92,Day,Team B
PROD002,JOB-1390,2025-10-22,13.44,Night,Team C
PROD002,JOB-1974,2025-10-23,13.07,Night,Team B
PROD002,JOB-1231,2025-10-24,16.44,Day,Team A
PROD002,JOB-1834,2025-10-25,4.69,Night,Team C
PROD002,JOB-1608,2025-10-26,6.55,Day,Team A
PROD002,JOB-1971,2025-10-27,15.07,Night,Team A
PROD002,JOB-1585,2025-10-28,19.0,Day,Team A
PROD002,JOB-1780,2025-10-29,14.14,Day,Team A
PROD002,JOB-1333,2025-10-30,10.25,Day,Team C
PROD002,JOB-1993,2025-10-31,12.31,Night,Team B
PROD002,JOB-1312,2025-11-01,6.97,Night,Team A
PROD002,JOB-1528,2025-11-02,4.04,Day,Team A
PROD002,JOB-1806,2025-11-03,11.21,Day,Team C
PROD002,JOB-1598,2025-11-04,12.22,Night,Team B
PROD002,JOB-1943,2025-11-05,16.96,Night,Team A
PROD002,JOB-1460,2025-11-06,16.03,Day,Team A
PROD002,JOB-1860,2025-11-07,10.28,Night,Team A
PROD002,JOB-1714,2025-11-08,4.13,Day,Team B
PROD002,JOB-1420,2025-11-09,5.54,Night,Team C
PROD002,JOB-1447,2025-11-10,17.71,Day,Team B
PROD002,JOB-1369,2025-11-11,14.71,Day,Team C
PROD002,JOB-1485,2025-11-12,14.5,Night,Team A
PROD002,JOB-1042,2025-11-13,9.56,Night,Team B
PROD002,JOB-1315,2025-11-14,12.56,Day,Team A
PROD002,JOB-1213,2025-11-15,6.28,Night,Team B
PROD002,JOB-1648,2025-11-16,5.82,Night,Team B
PROD002,JOB-1583,2025-11-17,15.15,Night,Team C
PROD002,JOB-1377,2025-11-18,19.31,Day,Team C
PROD002,JOB-1682,2025-11-19,15.26,Night,Team C
PROD002,JOB-1991,2025-11-20,10.93,Day,Team C
PROD002,JOB-1644,2025-11-21,12.62,Day,Team A
PROD002,JOB-1290,2025-11-22,4.89,Day,Team B
PROD002,JOB-1824,2025-11-23,4.95,Night,Team A
PROD002,JOB-1280,2025-11-24,13.77,Day,Team C
PROD002,JOB-1608,2025-11-25,12.63,Night,Team C
PROD002,JOB-1493,2025-11-26,16.71,Day,Team B
PROD002,JOB-1969,2025-11-27,13.76,Day,Team C
PROD002,JOB-1591,2025-11-28,12.51,Night,Team A
PROD003,JOB-1541,2025-08-31,3.95,Night,Team A
PROD003,JOB-1870,2025-09-01,7.46,Day,Team A
PROD003,JOB-1949,2025-09-02,5.52,Day,Team A
PROD003,JOB-1090,2025-09-03,4.19,Day,Team A
PROD003,JOB-1131,2025-09-04,9.76,Night,Team A
PROD003,JOB-1208,2025-09-05,8.54,Night,Team C
PROD003,JOB-1106,2025-09-06,3.23,Night,Team C
PROD003,JOB-1857,2025-09-07,1.16,Day,Team B
PROD003,JOB-1181,2025-09-08,7.92,Day,Team C
PROD003,JOB-1286,2025-09-09,9.17,Day,Team B
PROD003,JOB-1698,2025-09-10,8.56,Night,Team B
PROD003,JOB-1088,2025-09-11,10.45,Night,Team A
PROD003,JOB-1508,2025-09-12,6.66,Day,Team A
PROD003,JOB-1375,2025-09-13,3.4,Night,Team A
PROD003,JOB-1907,2025-09-14,4.15,Day,Team C
PROD003,JOB-1514,2025-09-15,10.81,Night,Team B
PROD003,JOB-1177,2025-09-16,8.12,Night,Team B
PROD003,JOB-1835,2025-09-17,6.57,Night,Team B
PROD003,JOB-1955,2025-09-18,3.48,Night,Team A
PROD003,JOB-1862,2025-09-19,4.68,Night,Team B
PROD003,JOB-1013,2025-09-20,2.35,Night,Team A
PROD003,JOB-1234,2025-09-21,3.7,Night,Team C
PROD003,JOB-1848,2025-09-22,6.23,Night,Team A
PROD003,JOB-1838,2025-09-23,9.47,Night,Team B
PROD003,JOB-1759,2025-09-24,8.27,Night,Team C
PROD003,JOB-1319,2025-09-25,5.34,Day,Team C
PROD003,JOB-1370,2025-09-26,4.19,Night,Team A
PROD003,JOB-1143,2025-09-27,3.04,Day,Team B
PROD003,JOB-1099,2025-09-28,2.54,Day,Team C
PROD003,JOB-1511,2025-09-29,3.98,Day,Team B
PROD003,JOB-1070,2025-09-30,8.78,Night,Team C
PROD003,JOB-1824,2025-10-01,7.18,Day,Team B
PROD003,JOB-1410,2025-10-02,1.72,Day,Team B
PROD003,JOB-1313,2025-10-03,3.02,Night,Team C
PROD003,JOB-1756,2025-10-04,2.7,Night,Team A
PROD003,JOB-1551,2025-10-05,3.31,Day,Team C
PROD003,JOB-1944,2025-10-06,1.94,Night,Team B
PROD003,JOB-1873,2025-10-07,6.36,Night,Team B
PROD003,JOB-1217,2025-10-08,9.05,Night,Team C
PROD003,JOB-1415,2025-10-09,3.74,Day,Team B
PROD003,JOB-1866,2025-10-10,3.83,Night,Team C
PROD003,JOB-1648,2025-10-11,2.19,Night,Team C
PROD003,JOB-1329,2025-10-12,3.22,Day,Team C
PROD003,JOB-1409,2025-10-13,9.02,Day,Team B
PROD003,JOB-1215,2025-10-14,6.26,Day,Team C
PROD003,JOB-1536,2025-10-15,9.45,Day,Team C
PROD003,JOB-1827,2025-10-16,5.49,Day,Team C
PROD003,JOB-1601,2025-10-17,6.17,Day,Team B
PROD003,JOB-1821,2025-10-18,1.94,Night,Team B
PROD003,JOB-1306,2025-10-19,2.95,Day,Team A
PROD003,JOB-1433,2025-10-20,3.98,Day,Team A
PROD003,JOB-1263,2025-10-21,5.78,Night,Team A
PROD003,JOB-1834,2025-10-22,5.83,Day,Team C
PROD003,JOB-1651,2025-10-23,3.15,Night,Team C
PROD003,JOB-1023,2025-10-24,10.01,Day,Team B
PROD003,JOB-1251,2025-10-25,2.52,Night,Team C
PROD003,JOB-1670,2025-10-26,2.74,Night,Team B
PROD003,JOB-1714,2025-10-27,6.34,Day,Team C
PROD003,JOB-1052,2025-10-28,10.56,Day,Team C
PROD003,JOB-1304,2025-10-29,4.82,Night,Team C
PROD003,JOB-1471,2025-10-30,2.26,Day,Team A
PROD003,JOB-1323,2025-10-31,4.05,Day,Team C
PROD003,JOB-1259,2025-11-01,2.11,Day,Team B
PROD003,JOB-1369,2025-11-02,1.29,Night,Team C
PROD003,JOB-1059,2025-11-03,7.63,Night,Team B
PROD003,JOB-1171,2025-11-04,6.36,Day,Team B
PROD003,JOB-1780,2025-11-05,3.09,Day,Team C
PROD003,JOB-1105,2025-11-06,8.75,Day,Team B
PROD003,JOB-1592,2025-11-07,3.13,Night,Team A
PROD003,JOB-1607,2025-11-08,4.1,Night,Team A
PROD003,JOB-1304,2025-11-09,2.83,Night,Team A
PROD003,JOB-1448,2025-11-10,7.65,Day,Team A
PROD003,JOB-1979,2025-11-11,7.82,Day,Team C
PROD003,JOB-1198,2025-11-12,8.82,Day,Team A
PROD003,JOB-1974,2025-11-13,3.44,Night,Team C
PROD003,JOB-1000,2025-11-14,0.0,Night,Team B
PROD003,JOB-1964,2025-11-15,1.22,Day,Team A
PROD003,JOB-1643,2025-11-16,2.74,Night,Team B
PROD003,JOB-1042,2025-11-17,8.84,Night,Team B
PROD003,JOB-1324,2025-11-18,5.99,Night,Team A
PROD003,JOB-1967,2025-11-19,4.43,Day,Team B
PROD003,JOB-1093,2025-11-20,3.96,Night,Team C
PROD003,JOB-1352,2025-11-21,7.11,Night,Team B
PROD003,JOB-1068,2025-11-22,2.49,Night,Team B
PROD003,JOB-1318,2025-11-23,0.86,Night,Team A
PROD003,JOB-1143,2025-11-24,5.21,Night,Team C
PROD003,JOB-1452,2025-11-25,5.3,Night,Team C
PROD003,JOB-1390,2025-11-26,4.02,Day,Team B
PROD003,JOB-1536,2025-11-27,2.27,Day,Team A
PROD003,JOB-1713,2025-11-28,1.41,Day,Team B
PROD004,JOB-1149,2025-08-31,8.11,Night,Team C
PROD004,JOB-1086,2025-09-01,12.86,Night,Team A
PROD004,JOB-1513,2025-09-02,13.35,Day,Team C
PROD004,JOB-1307,2025-09-03,19.46,Night,Team B
PROD004,JOB-1650,2025-09-04,10.34,Day,Team C
PROD004,JOB-1254,2025-09-05,9.91,Day,Team C
PROD004,JOB-1517,2025-09-06,7.07,Night,Team C
PROD004,JOB-1304,2025-09-07,4.32,Night,Team C
PROD004,JOB-1922,2025-09-08,12.57,Night,Team B
PROD004,JOB-1028,2025-09-09,12.06,Night,Team C
PROD004,JOB-1830,2025-09-10,11.35,Day,Team B
PROD004,JOB-1926,2025-09-11,9.93,Night,Team C
PROD004,JOB-1189,2025-09-12,9.51,Night,Team B
PROD004,JOB-1283,2025-09-13,4.44,Day,Team A
PROD004,JOB-1636,2025-09-14,5.89,Day,Team C
PROD004,JOB-1179,2025-09-15,14.91,Day,Team A
PROD004,JOB-1512,2025-09-16,14.53,Day,Team C
PROD004,JOB-1992,2025-09-17,15.54,Day,Team C
PROD004,JOB-1000,2025-09-18,14.19,Night,Team B
PROD004,JOB-1229,2025-09-19,9.24,Day,Team C
PROD004,JOB-1378,2025-09-20,6.03,Night,Team A
PROD004,JOB-1899,2025-09-21,6.04,Night,Team B
PROD004,JOB-1982,2025-09-22,15.45,Night,Team A
PROD004,JOB-1347,2025-09-23,17.43,Night,Team B
PROD004,JOB-1831,2025-09-24,15.76,Day,Team C
PROD004,JOB-1970,2025-09-25,13.27,Night,Team B
PROD004,JOB-1257,2025-09-26,14.87,Night,Team A
PROD004,JOB-1489,2025-09-27,4.66,Night,Team A
PROD004,JOB-1079,2025-09-28,6.07,Day,Team C
PROD004,JOB-1856,2025-09-29,14.23,Day,Team C
PROD004,JOB-1004,2025-09-30,11.59,Day,Team A
PROD004,JOB-1248,2025-10-01,13.54,Night,Team C
PROD004,JOB-1766,2025-10-02,12.62,Night,Team A
PROD004,JOB-1384,2025-10-03,15.51,Night,Team C
PROD004,JOB-1053,2025-10-04,4.22,Night,Team C
PROD004,JOB-1720,2025-10-05,4.76,Day,Team C
PROD004,JOB-1003,2025-10-06,13.73,Day,Team A
PROD004,JOB-1595,2025-10-07,17.74,Day,Team C
PROD004,JOB-1300,2025-10-08,13.41,Day,Team C
PROD004,JOB-1587,2025-10-09,13.46,Night,Team B
PROD004,JOB-1731,2025-10-10,8.34,Day,Team C
PROD004,JOB-1690,2025-10-11,4.55,Day,Team A
PROD004,JOB-1756,2025-10-12,5.71,Day,Team C
PROD004,JOB-1646,2025-10-13,16.61,Night,Team B
PROD004,JOB-1842,2025-10-14,15.7,Night,Team B
PROD004,JOB-1663,2025-10-15,15.03,Night,Team C
PROD004,JOB-1133,2025-10-16,11.92,Night,Team A
PROD004,JOB-1895,2025-10-17,8.06,Night,Team C
PROD004,JOB-1387,2025-10-18,6.29,Night,Team C
PROD004,JOB-1264,2025-10-19,5.39,Day,Team C
PROD004,JOB-1158,2025-10-20,10.51,Day,Team B
PROD004,JOB-1104,2025-10-21,13.46,Night,Team A
PROD004,JOB-1747,2025-10-22,13.4,Night,Team C
PROD004,JOB-1326,2025-10-23,8.63,Day,Team B
PROD004,JOB-1257,2025-10-24,14.16,Night,Team C
PROD004,JOB-1819,2025-10-25,5.03,Night,Team C
PROD004,JOB-1405,2025-10-26,7.03,Night,Team B
PROD004,JOB-1277,2025-10-27,15.51,Night,Team A
PROD004,JOB-1220,2025-10-28,15.76,Night,Team B
PROD004,JOB-1551,2025-10-29,14.72,Night,Team B
PROD004,JOB-1982,2025-10-30,14.86,Day,Team B
PROD004,JOB-1954,2025-10-31,5.88,Day,Team A
PROD004,JOB-1855,2025-11-01,5.65,Day,Team C
PROD004,JOB-1245,2025-11-02,6.07,Day,Team C
PROD004,JOB-1245,2025-11-03,17.54,Night,Team B
PROD004,JOB-1622,2025-11-04,15.09,Night,Team B
PROD004,JOB-1188,2025-11-05,11.94,Day,Team A
PROD004,JOB-1215,2025-11-06,12.57,Night,Team C
PROD004,JOB-1029,2025-11-07,13.22,Night,Team B
PROD004,JOB-1312,2025-11-08,6.07,Night,Team B
PROD004,JOB-1291,2025-11-09,4.55,Night,Team C
PROD004,JOB-1707,2025-11-10,11.26,Day,Team A
PROD004,JOB-1577,2025-11-11,13.22,Day,Team C
PROD004,JOB-1156,2025-11-12,14.12,Day,Team C
PROD004,JOB-1289,2025-11-13,13.15,Night,Team B
PROD004,JOB-1476,2025-11-14,9.33,Day,Team B
PROD004,JOB-1921,2025-11-15,4.77,Night,Team C
PROD004,JOB-1058,2025-11-16,5.47,Night,Team B
PROD004,JOB-1245,2025-11-17,13.59,Day,Team A
PROD004,JOB-1364,2025-11-18,14.16,Night,Team A
PROD004,JOB-1814,2025-11-19,11.96,Day,Team C
PROD004,JOB-1033,2025-11-20,9.44,Night,Team C
PROD004,JOB-1624,2025-11-21,11.33,Day,Team A
PROD004,JOB-1215,2025-11-22,6.13,Night,Team C
PROD004,JOB-1036,2025-11-23,5.06,Day,Team C
PROD004,JOB-1577,2025-11-24,12.79,Day,Team B
PROD004,JOB-1763,2025-11-25,13.87,Day,Team C
PROD004,JOB-1402,2025-11-26,9.45,Day,Team B
PROD004,JOB-1345,2025-11-27,9.56,Night,Team A
PROD004,JOB-1130,2025-11-28,10.1,Day,Team B
PROD005,JOB-1866,2025-08-31,7.43,Day,Team B
PROD005,JOB-1514,2025-09-01,8.71,Night,Team A
PROD005,JOB-1051,2025-09-02,17.12,Day,Team B
PROD005,JOB-1066,2025-09-03,14.87,Night,Team A
PROD005,JOB-1643,2025-09-04,11.08,Night,Team C
PROD005,JOB-1159,2025-09-05,11.38,Day,Team B
PROD005,JOB-1520,2025-09-06,4.85,Night,Team A
PROD005,JOB-1134,2025-09-07,6.7,Day,Team C
PROD005,JOB-1786,2025-09-08,18.68,Day,Team C
PROD005,JOB-1978,2025-09-09,13.32,Day,Team B
PROD005,JOB-1262,2025-09-10,17.88,Day,Team C
PROD005,JOB-1282,2025-09-11,16.43,Day,Team B
PROD005,JOB-1633,2025-09-12,11.0,Day,Team A
PROD005,JOB-1405,2025-09-13,5.26,Night,Team A
PROD005,JOB-1163,2025-09-14,6.97,Night,Team C
PROD005,JOB-1928,2025-09-15,17.84,Night,Team A
PROD005,JOB-1430,2025-09-16,10.26,Night,Team B
PROD005,JOB-1819,2025-09-17,12.88,Day,Team A
PROD005,JOB-1736,2025-09-18,12.49,Day,Team A
PROD005,JOB-1098,2025-09-19,15.15,Night,Team C
PROD005,JOB-1746,2025-09-20,6.99,Night,Team A
PROD005,JOB-1142,2025-09-21,3.44,Night,Team A
PROD005,JOB-1694,2025-09-22,14.59,Day,Team A
PROD005,JOB-1413,2025-09-23,17.19,Day,Team C
PROD005,JOB-1880,2025-09-24,15.2,Day,Team B
PROD005,JOB-1886,2025-09-25,16.29,Day,Team A
PROD005,JOB-1402,2025-09-26,10.67,Day,Team C
PROD005,JOB-1529,2025-09-27,5.93,Day,Team A
PROD005,JOB-1883,2025-09-28,4.66,Night,Team A
PROD005,JOB-1750,2025-09-29,10.81,Night,Team C
PROD005,JOB-1575,2025-09-30,14.64,Night,Team C
PROD005,JOB-1090,2025-10-01,15.95,Day,Team B
PROD005,JOB-1532,2025-10-02,14.15,Day,Team A
PROD005,JOB-1913,2025-10-03,11.3,Day,Team B
PROD005,JOB-1603,2025-10-04,4.72,Day,Team A
PROD005,JOB-1055,2025-10-05,6.85,Day,Team C
PROD005,JOB-1731,2025-10-06,13.55,Day,Team B
PROD005,JOB-1324,2025-10-07,12.08,Night,Team B
PROD005,JOB-1672,2025-10-08,15.12,Night,Team B
PROD005,JOB-1468,2025-10-09,14.56,Day,Team C
PROD005,JOB-1474,2025-10-10,13.23,Night,Team B
PROD005,JOB-1655,2025-10-11,4.98,Night,Team A
PROD005,JOB-1308,2025-10-12,5.9,Day,Team A
PROD005,JOB-1216,2025-10-13,12.72,Night,Team C
PROD005,JOB-1171,2025-10-14,11.17,Night,Team A
PROD005,JOB-1036,2025-10-15,8.44,Night,Team A
PROD005,JOB-1714,2025-10-16,10.53,Night,Team B
PROD005,JOB-1742,2025-10-17,13.63,Day,Team A
PROD005,JOB-1381,2025-10-18,3.33,Night,Team C
PROD005,JOB-1509,2025-10-19,5.81,Day,Team A
PROD005,JOB-1940,2025-10-20,11.78,Night,Team C
PROD005,JOB-1006,2025-10-21,12.85,Night,Team A
PROD005,JOB-1223,2025-10-22,9.81,Day,Team C
PROD005,JOB-1808,2025-10-23,9.38,Night,Team B
PROD005,JOB-1487,2025-10-24,12.53,Day,Team C
PROD005,JOB-1500,2025-10-25,5.61,Day,Team C
PROD005,JOB-1203,2025-10-26,4.44,Day,Team C
PROD005,JOB-1683,2025-10-27,9.53,Day,Team B
PROD005,JOB-1715,2025-10-28,14.6,Night,Team B
PROD005,JOB-1870,2025-10-29,17.08,Night,Team C
PROD005,JOB-1976,2025-10-30,10.6,Day,Team C
PROD005,JOB-1433,2025-10-31,8.39,Day,Team A
PROD005,JOB-1288,2025-11-01,5.15,Day,Team A
PROD005,JOB-1756,2025-11-02,4.18,Day,Team A
PROD005,JOB-1214,2025-11-03,7.84,Day,Team B
PROD005,JOB-1091,2025-11-04,11.59,Night,Team B
PROD005,JOB-1340,2025-11-05,12.31,Night,Team C
PROD005,JOB-1759,2025-11-06,8.01,Day,Team C
PROD005,JOB-1493,2025-11-07,7.72,Night,Team A
PROD005,JOB-1265,2025-11-08,2.54,Night,Team A
PROD005,JOB-1408,2025-11-09,3.97,Day,Team C
PROD005,JOB-1285,2025-11-10,10.92,Night,Team B
PROD005,JOB-1877,2025-11-11,11.01,Night,Team A
PROD005,JOB-1204,2025-11-12,9.29,Night,Team B
PROD005,JOB-1723,2025-11-13,9.07,Night,Team A
PROD005,JOB-1381,2025-11-14,5.84,Day,Team A
PROD005,JOB-1842,2025-11-15,3.85,Day,Team C
PROD005,JOB-1727,2025-11-16,4.25,Night,Team B
PROD005,JOB-1942,2025-11-17,12.12,Night,Team A
PROD005,JOB-1203,2025-11-18,10.28,Day,Team C
PROD005,JOB-1676,2025-11-19,11.12,Night,Team C
PROD005,JOB-1818,2025-11-20,6.61,Night,Team C
PROD005,JOB-1937,2025-11-21,6.83,Day,Team B
PROD005,JOB-1773,2025-11-22,4.81,Day,Team B
PROD005,JOB-1671,2025-11-23,2.43,Day,Team A
PROD005,JOB-1066,2025-11-24,10.61,Night,Team B
PROD005,JOB-1644,2025-11-25,9.86,Night,Team C
PROD005,JOB-1641,2025-11-26,6.24,Day,Team C
PROD005,JOB-1775,2025-11-27,14.75,Night,Team B
PROD005,JOB-1908,2025-11-28,11.68,Night,Team C
PROD006,JOB-1663,2025-08-31,9.17,Night,Team C
PROD006,JOB-1700,2025-09-01,19.68,Night,Team A
PROD006,JOB-1162,2025-09-02,21.35,Night,Team A
PROD006,JOB-1122,2025-09-03,19.06,Night,Team A
PROD006,JOB-1492,2025-09-04,24.58,Day,Team A
PROD006,JOB-1781,2025-09-05,17.98,Night,Team A
PROD006,JOB-1364,2025-09-06,10.23,Night,Team B
PROD006,JOB-1029,2025-09-07,9.26,Night,Team B
PROD006,JOB-1542,2025-09-08,26.18,Night,Team A
PROD006,JOB-1769,2025-09-09,24.16,Day,Team B
PROD006,JOB-1599,2025-09-10,24.73,Night,Team C
PROD006,JOB-1827,2025-09-11,26.1,Day,Team A
PROD006,JOB-1759,2025-09-12,20.31,Day,Team C
PROD006,JOB-1269,2025-09-13,10.43,Day,Team B
PROD006,JOB-1777,2025-09-14,10.27,Night,Team A
PROD006,JOB-1647,2025-09-15,23.53,Day,Team B
PROD006,JOB-1082,2025-09-16,28.77,Night,Team C
PROD006,JOB-1830,2025-09-17,26.83,Day,Team C
PROD006,JOB-1493,2025-09-18,24.95,Night,Team B
PROD006,JOB-1455,2025-09-19,21.63,Night,Team B
PROD006,JOB-1727,2025-09-20,9.1,Night,Team C
PROD006,JOB-1077,2025-09-21,11.02,Night,Team A
PROD006,JOB-1572,2025-09-22,24.62,Night,Team A
PROD006,JOB-1292,2025-09-23,26.25,Night,Team C
PROD006,JOB-1628,2025-09-24,21.16,Night,Team A
PROD006,JOB-1086,2025-09-25,28.61,Day,Team B
PROD006,JOB-1883,2025-09-26,19.61,Day,Team B
PROD006,JOB-1182,2025-09-27,11.37,Day,Team C
PROD006,JOB-1661,2025-09-28,10.31,Day,Team B
PROD006,JOB-1171,2025-09-29,25.49,Day,Team A
PROD006,JOB-1277,2025-09-30,25.54,Night,Team B
PROD006,JOB-1977,2025-10-01,27.07,Day,Team C
PROD006,JOB-1891,2025-10-02,23.81,Day,Team A
PROD006,JOB-1745,2025-10-03,24.64,Day,Team B
PROD006,JOB-1181,2025-10-04,11.52,Day,Team A
PROD006,JOB-1266,2025-10-05,10.67,Day,Team C
PROD006,JOB-1431,2025-10-06,27.04,Night,Team C
PROD006,JOB-1769,2025-10-07,31.86,Day,Team A
PROD006,JOB-1370,2025-10-08,29.25,Day,Team B
PROD006,JOB-1049,2025-10-09,23.94,Night,Team B
PROD006,JOB-1410,2025-10-10,30.76,Day,Team C
PROD006,JOB-1921,2025-10-11,9.7,Day,Team A
PROD006,JOB-1358,2025-10-12,12.25,Day,Team C
PROD006,JOB-1084,2025-10-13,26.46,Night,Team A
PROD006,JOB-1153,2025-10-14,22.7,Night,Team A
PROD006,JOB-1406,2025-10-15,25.13,Day,Team B
PROD006,JOB-1003,2025-10-16,25.91,Day,Team C
PROD006,JOB-1924,2025-10-17,30.79,Day,Team C
PROD006,JOB-1523,2025-10-18,10.03,Day,Team A
PROD006,JOB-1130,2025-10-19,12.34,Day,Team B
PROD006,JOB-1830,2025-10-20,27.06,Night,Team B
PROD006,JOB-1995,2025-10-21,28.01,Night,Team C
PROD006,JOB-1453,2025-10-22,28.77,Day,Team A
PROD006,JOB-1158,2025-10-23,28.06,Night,Team B
PROD006,JOB-1684,2025-10-24,25.78,Night,Team B
PROD006,JOB-1280,2025-10-25,9.88,Night,Team C
PROD006,JOB-1336,2025-10-26,12.42,Day,Team B
PROD006,JOB-1223,2025-10-27,29.82,Night,Team C
PROD006,JOB-1850,2025-10-28,29.16,Night,Team A
PROD006,JOB-1685,2025-10-29,32.7,Day,Team B
PROD006,JOB-1689,2025-10-30,24.99,Night,Team C
PROD006,JOB-1333,2025-10-31,25.78,Day,Team B
PROD006,JOB-1829,2025-11-01,10.23,Day,Team C
PROD006,JOB-1787,2025-11-02,12.38,Night,Team B
PROD006,JOB-1387,2025-11-03,29.11,Day,Team B
PROD006,JOB-1060,2025-11-04,34.32,Day,Team C
PROD006,JOB-1058,2025-11-05,30.75,Day,Team C
PROD006,JOB-1881,2025-11-06,31.61,Day,Team C
PROD006,JOB-1896,2025-11-07,22.03,Night,Team C
PROD006,JOB-1875,2025-11-08,11.3,Day,Team C
PROD006,JOB-1497,2025-11-09,13.11,Day,Team B
PROD006,JOB-1589,2025-11-10,31.11,Night,Team A
PROD006,JOB-1401,2025-11-11,32.33,Night,Team C
PROD006,JOB-1804,2025-11-12,28.13,Day,Team C
PROD006,JOB-1622,2025-11-13,31.19,Day,Team A
PROD006,JOB-1495,2025-11-14,25.15,Day,Team A
PROD006,JOB-1817,2025-11-15,12.14,Night,Team A
PROD006,JOB-1592,2025-11-16,12.79,Day,Team B
PROD006,JOB-1257,2025-11-17,32.99,Day,Team C
PROD006,JOB-1756,2025-11-18,32.65,Night,Team B
PROD006,JOB-1679,2025-11-19,34.69,Night,Team B
PROD006,JOB-1866,2025-11-20,29.73,Day,Team A
PROD006,JOB-1804,2025-11-21,27.48,Night,Team A
PROD006,JOB-1484,2025-11-22,12.22,Day,Team C
PROD006,JOB-1581,2025-11-23,12.77,Day,Team A
PROD006,JOB-1332,2025-11-24,29.54,Day,Team A
PROD006,JOB-1946,2025-11-25,34.86,Night,Team A
PROD006,JOB-1184,2025-11-26,35.95,Night,Team A
PROD006,JOB-1739,2025-11-27,30.0,Night,Team A
PROD006,JOB-1644,2025-11-28,28.6,Day,Team B
PROD007,JOB-1289,2025-08-31,8.11,Day,Team C
PROD007,JOB-1517,2025-09-01,21.9,Day,Team C
PROD007,JOB-1405,2025-09-02,17.68,Night,Team A
PROD007,JOB-1382,2025-09-03,18.45,Day,Team C
PROD007,JOB-1406,2025-09-04,21.98,Day,Team A
PROD007,JOB-1628,2025-09-05,14.4,Day,Team A
PROD007,JOB-1776,2025-09-06,7.82,Night,Team B
PROD007,JOB-1919,2025-09-07,8.02,Day,Team B
PROD007,JOB-1401,2025-09-08,21.92,Night,Team A
PROD007,JOB-1903,2025-09-09,18.7,Day,Team B
PROD007,JOB-1957,2025-09-10,20.13,Day,Team B
PROD007,JOB-1945,2025-09-11,23.37,Night,Team B
PROD007,JOB-1481,2025-09-12,14.03,Night,Team B
PROD007,JOB-1544,2025-09-13,7.41,Day,Team B
PROD007,JOB-1804,2025-09-14,8.29,Day,Team B
PROD007,JOB-1841,2025-09-15,18.29,Day,Team A
PROD007,JOB-1752,2025-09-16,19.65,Day,Team C
PROD007,JOB-1974,2025-09-17,20.43,Night,Team B
PROD007,JOB-1377,2025-09-18,17.53,Night,Team A
PROD007,JOB-1797,2025-09-19,16.19,Night,Team A
PROD007,JOB-1810,2025-09-20,7.99,Day,Team B
PROD007,JOB-1959,2025-09-21,8.25,Day,Team B
PROD007,JOB-1536,2025-09-22,21.1,Night,Team C
PROD007,JOB-1713,2025-09-23,16.99,Day,Team B
PROD007,JOB-1353,2025-09-24,20.13,Night,Team C
PROD007,JOB-1820,2025-09-25,17.35,Day,Team C
PROD007,JOB-1052,2025-09-26,18.47,Day,Team B
PROD007,JOB-1330,2025-09-27,5.29,Day,Team B
PROD007,JOB-1027,2025-09-28,8.74,Day,Team A
PROD007,JOB-1475,2025-09-29,19.18,Day,Team B
PROD007,JOB-1221,2025-09-30,18.97,Day,Team A
PROD007,JOB-1906,2025-10-01,20.45,Night,Team C
PROD007,JOB-1216,2025-10-02,20.23,Night,Team C
PROD007,JOB-1530,2025-10-03,17.2,Day,Team C
PROD007,JOB-1771,2025-10-04,6.74,Night,Team C
PROD007,JOB-1096,2025-10-05,7.58,Night,Team C
PROD007,JOB-1564,2025-10-06,20.78,Day,Team A
PROD007,JOB-1817,2025-10-07,23.11,Night,Team B
PROD007,JOB-1738,2025-10-08,25.57,Day,Team B
PROD007,JOB-1901,2025-10-09,19.53,Day,Team A
PROD007,JOB-1114,2025-10-10,17.16,Night,Team C
PROD007,JOB-1996,2025-10-11,8.1,Night,Team A
PROD007,JOB-1594,2025-10-12,7.93,Day,Team B
PROD007,JOB-1268,2025-10-13,22.25,Day,Team A
PROD007,JOB-1772,2025-10-14,23.37,Day,Team B
PROD007,JOB-1168,2025-10-15,21.54,Night,Team C
PROD007,JOB-1344,2025-10-16,16.29,Day,Team A
PROD007,JOB-1338,2025-10-17,18.58,Night,Team B
PROD007,JOB-1658,2025-10-18,6.65,Day,Team A
PROD007,JOB-1023,2025-10-19,8.21,Day,Team A
PROD007,JOB-1471,2025-10-20,16.82,Night,Team B
PROD007,JOB-1412,2025-10-21,25.22,Day,Team B
PROD007,JOB-1832,2025-10-22,21.86,Night,Team C
PROD007,JOB-1884,2025-10-23,23.72,Night,Team B
PROD007,JOB-1076,2025-10-24,19.6,Day,Team C
PROD007,JOB-1739,2025-10-25,7.83,Day,Team A
PROD007,JOB-1015,2025-10-26,8.95,Day,Team A
PROD007,JOB-1143,2025-10-27,21.47,Night,Team C
PROD007,JOB-1524,2025-10-28,23.11,Day,Team C
PROD007,JOB-1979,2025-10-29,19.81,Day,Team C
PROD007,JOB-1027,2025-10-30,19.78,Day,Team C
PROD007,JOB-1579,2025-10-31,21.93,Day,Team B
PROD007,JOB-1337,2025-11-01,8.9,Day,Team C
PROD007,JOB-1725,2025-11-02,7.84,Day,Team C
PROD007,JOB-1382,2025-11-03,23.9,Night,Team C
PROD007,JOB-1245,2025-11-04,26.5,Day,Team C
PROD007,JOB-1129,2025-11-05,20.04,Night,Team C
PROD007,JOB-1015,2025-11-06,17.39,Night,Team C
PROD007,JOB-1439,2025-11-07,26.54,Day,Team A
PROD007,JOB-1942,2025-11-08,7.6,Day,Team C
PROD007,JOB-1780,2025-11-09,8.2,Night,Team C
PROD007,JOB-1600,2025-11-10,26.72,Night,Team C
PROD007,JOB-1355,2025-11-11,21.3,Night,Team B
PROD007,JOB-1046,2025-11-12,24.46,Night,Team C
PROD007,JOB-1734,2025-11-13,23.77,Night,Team B
PROD007,JOB-1071,2025-11-14,19.84,Night,Team C
PROD007,JOB-1805,2025-11-15,8.93,Night,Team C
PROD007,JOB-1918,2025-11-16,10.72,Night,Team A
PROD007,JOB-1401,2025-11-17,26.11,Day,Team C
PROD007,JOB-1562,2025-11-18,21.74,Night,Team B
PROD007,JOB-1331,2025-11-19,24.71,Night,Team A
PROD007,JOB-1195,2025-11-20,25.49,Night,Team B
PROD007,JOB-1972,2025-11-21,18.77,Day,Team C
PROD007,JOB-1905,2025-11-22,8.88,Day,Team C
PROD007,JOB-1091,2025-11-23,9.96,Night,Team A
PROD007,JOB-1416,2025-11-24,22.7,Night,Team B
PROD007,JOB-1156,2025-11-25,24.41,Day,Team B
PROD007,JOB-1441,2025-11-26,21.12,Day,Team C
PROD007,JOB-1876,2025-11-27,19.63,Night,Team A
PROD007,JOB-1766,2025-11-28,22.25,Night,Team A
PROD008,JOB-1349,2025-08-31,3.11,Night,Team A
PROD008,JOB-1574,2025-09-01,10.71,Night,Team A
PROD008,JOB-1257,2025-09-02,7.53,Night,Team C
PROD008,JOB-1706,2025-09-03,4.8,Day,Team B
PROD008,JOB-1305,2025-09-04,4.65,Day,Team A
PROD008,JOB-1232,2025-09-05,1.63,Day,Team B
PROD008,JOB-1721,2025-09-06,4.4,Night,Team A
PROD008,JOB-1116,2025-09-07,2.57,Night,Team A
PROD008,JOB-1783,2025-09-08,5.27,Night,Team A
PROD008,JOB-1106,2025-09-09,8.97,Day,Team B
PROD008,JOB-1007,2025-09-10,7.76,Day,Team A
PROD008,JOB-1550,2025-09-11,5.83,Night,Team B
PROD008,JOB-1816,2025-09-12,2.24,Day,Team A
PROD008,JOB-1065,2025-09-13,3.57,Day,Team B
PROD008,JOB-1820,2025-09-14,2.07,Day,Team B
PROD008,JOB-1414,2025-09-15,2.09,Night,Team A
PROD008,JOB-1540,2025-09-16,11.2,Night,Team B
PROD008,JOB-1646,2025-09-17,7.52,Day,Team B
PROD008,JOB-1344,2025-09-18,6.24,Night,Team B
PROD008,JOB-1616,2025-09-19,4.96,Day,Team A
PROD008,JOB-1378,2025-09-20,0.0,Day,Team C
PROD008,JOB-1748,2025-09-21,0.26,Night,Team B
PROD008,JOB-1845,2025-09-22,3.19,Night,Team A
PROD008,JOB-1481,2025-09-23,6.43,Day,Team B
PROD008,JOB-1524,2025-09-24,3.07,Day,Team A
PROD008,JOB-1022,2025-09-25,2.95,Night,Team C
PROD008,JOB-1042,2025-09-26,5.16,Night,Team B
PROD008,JOB-1396,2025-09-27,1.96,Night,Team C
PROD008,JOB-1455,2025-09-28,1.77,Day,Team C
PROD008,JOB-1142,2025-09-29,3.71,Day,Team C
PROD008,JOB-1306,2025-09-30,5.79,Day,Team B
PROD008,JOB-1355,2025-10-01,3.83,Night,Team A
PROD008,JOB-1970,2025-10-02,0.0,Night,Team A
PROD008,JOB-1409,2025-10-03,6.1,Day,Team B
PROD008,JOB-1446,2025-10-04,0.27,Night,Team C
PROD008,JOB-1323,2025-10-05,0.99,Night,Team A
PROD008,JOB-1283,2025-10-06,2.7,Night,Team A
PROD008,JOB-1873,2025-10-07,7.58,Day,Team A
PROD008,JOB-1790,2025-10-08,1.94,Day,Team C
PROD008,JOB-1748,2025-10-09,2.58,Night,Team C
PROD008,JOB-1525,2025-10-10,2.85,Day,Team B
PROD008,JOB-1254,2025-10-11,0.0,Day,Team A
PROD008,JOB-1045,2025-10-12,2.67,Day,Team B
PROD008,JOB-1205,2025-10-13,3.86,Day,Team B
PROD008,JOB-1693,2025-10-14,0.0,Day,Team B
PROD008,JOB-1431,2025-10-15,2.67,Day,Team A
PROD008,JOB-1676,2025-10-16,0.0,Night,Team B
PROD008,JOB-1919,2025-10-17,3.16,Night,Team B
PROD008,JOB-1232,2025-10-18,1.31,Night,Team B
PROD008,JOB-1647,2025-10-19,1.46,Night,Team A
PROD008,JOB-1347,2025-10-20,0.0,Night,Team B
PROD008,JOB-1795,2025-10-21,2.06,Night,Team B
PROD008,JOB-1444,2025-10-22,0.0,Day,Team C
PROD008,JOB-1865,2025-10-23,0.51,Day,Team C
PROD008,JOB-1913,2025-10-24,1.61,Day,Team A
PROD008,JOB-1087,2025-10-25,0.13,Night,Team A
PROD008,JOB-1835,2025-10-26,1.73,Day,Team C
PROD008,JOB-1729,2025-10-27,2.52,Day,Team B
PROD008,JOB-1899,2025-10-28,2.05,Night,Team A
PROD008,JOB-1551,2025-10-29,2.75,Day,Team C
PROD008,JOB-1936,2025-10-30,0.0,Day,Team B
PROD008,JOB-1371,2025-10-31,0.0,Night,Team B
PROD008,JOB-1255,2025-11-01,0.0,Night,Team B
PROD008,JOB-1217,2025-11-02,0.0,Night,Team A
PROD008,JOB-1144,2025-11-03,2.77,Night,Team A
PROD008,JOB-1236,2025-11-04,0.0,Day,Team B
PROD008,JOB-1443,2025-11-05,1.1,Night,Team C
PROD008,JOB-1687,2025-11-06,5.3,Night,Team C
PROD008,JOB-1550,2025-11-07,1.21,Day,Team A
PROD008,JOB-1494,2025-11-08,0.0,Day,Team C
PROD008,JOB-1048,2025-11-09,0.0,Day,Team B
PROD008,JOB-1282,2025-11-10,0.7,Night,Team C
PROD008,JOB-1005,2025-11-11,1.53,Day,Team A
PROD008,JOB-1321,2025-11-12,0.0,Day,Team C
PROD008,JOB-1723,2025-11-13,0.0,Day,Team A
PROD008,JOB-1778,2025-11-14,0.0,Day,Team B
PROD008,JOB-1269,2025-11-15,0.0,Day,Team A
PROD008,JOB-1821,2025-11-16,0.62,Day,Team C
PROD008,JOB-1363,2025-11-17,0.0,Night,Team C
PROD008,JOB-1394,2025-11-18,0.0,Day,Team B
PROD008,JOB-1886,2025-11-19,0.0,Day,Team B
PROD008,JOB-1017,2025-11-20,0.0,Night,Team B
PROD008,JOB-1059,2025-11-21,0.0,Day,Team A
PROD008,JOB-1030,2025-11-22,0.0,Night,Team B
PROD008,JOB-1456,2025-11-23,0.0,Night,Team C
PROD008,JOB-1392,2025-11-24,0.0,Night,Team A
PROD008,JOB-1622,2025-11-25,0.0,Night,Team B
PROD008,JOB-1230,2025-11-26,3.63,Day,Team A
PROD008,JOB-1218,2025-11-27,0.0,Day,Team A
PROD008,JOB-1851,2025-11-28,0.0,Day,Team A
PROD009,JOB-1967,2025-08-31,7.38,Day,Team C
PROD009,JOB-1983,2025-09-01,22.75,Night,Team C
PROD009,JOB-1498,2025-09-02,17.57,Day,Team B
PROD009,JOB-1130,2025-09-03,20.04,Night,Team C
PROD009,JOB-1757,2025-09-04,17.3,Night,Team A
PROD009,JOB-1913,2025-09-05,18.85,Night,Team C
PROD009,JOB-1405,2025-09-06,6.75,Day,Team B
PROD009,JOB-1923,2025-09-07,7.49,Night,Team A
PROD009,JOB-1522,2025-09-08,24.24,Night,Team C
PROD009,JOB-1049,2025-09-09,20.13,Night,Team C
PROD009,JOB-1046,2025-09-10,19.41,Day,Team A
PROD009,JOB-1217,2025-09-11,22.52,Day,Team C
PROD009,JOB-1554,2025-09-12,16.5,Day,Team B
PROD009,JOB-1244,2025-09-13,7.95,Day,Team C
PROD009,JOB-1853,2025-09-14,7.4,Day,Team A
PROD009,JOB-1403,2025-09-15,17.56,Night,Team C
PROD009,JOB-1197,2025-09-16,19.86,Day,Team C
PROD009,JOB-1740,2025-09-17,21.49,Night,Team C
PROD009,JOB-1861,2025-09-18,19.41,Night,Team C
PROD009,JOB-1880,2025-09-19,20.36,Night,Team C
PROD009,JOB-1059,2025-09-20,6.8,Day,Team C
PROD009,JOB-1423,2025-09-21,10.37,Night,Team A
PROD009,JOB-1618,2025-09-22,17.5,Night,Team B
PROD009,JOB-1868,2025-09-23,18.84,Night,Team B
PROD009,JOB-1386,2025-09-24,21.92,Day,Team A
PROD009,JOB-1558,2025-09-25,22.34,Day,Team B
PROD009,JOB-1812,2025-09-26,17.71,Night,Team C
PROD009,JOB-1928,2025-09-27,6.95,Night,Team A
PROD009,JOB-1971,2025-09-28,7.15,Day,Team C
PROD009,JOB-1946,2025-09-29,22.72,Day,Team A
PROD009,JOB-1284,2025-09-30,22.14,Day,Team C
PROD009,JOB-1886,2025-10-01,21.74,Day,Team C
PROD009,JOB-1816,2025-10-02,20.4,Night,Team B
PROD009,JOB-1273,2025-10-03,20.31,Night,Team A
PROD009,JOB-1228,2025-10-04,10.24,Day,Team C
PROD009,JOB-1794,2025-10-05,8.83,Night,Team C
PROD009,JOB-1277,2025-10-06,19.56,Day,Team A
PROD009,JOB-1797,2025-10-07,24.5,Night,Team B
PROD009,JOB-1314,2025-10-08,20.4,Night,Team A
PROD009,JOB-1328,2025-10-09,19.31,Day,Team C
PROD009,JOB-1195,2025-10-10,21.25,Night,Team C
PROD009,JOB-1190,2025-10-11,9.69,Night,Team A
PROD009,JOB-1977,2025-10-12,7.59,Day,Team A
PROD009,JOB-1832,2025-10-13,22.52,Night,Team B
PROD009,JOB-1893,2025-10-14,22.16,Day,Team A
PROD009,JOB-1961,2025-10-15,20.74,Night,Team A
PROD009,JOB-1368,2025-10-16,17.85,Night,Team C
PROD009,JOB-1719,2025-10-17,18.07,Night,Team B
PROD009,JOB-1485,2025-10-18,8.21,Night,Team A
PROD009,JOB-1804,2025-10-19,10.03,Day,Team B
PROD009,JOB-1193,2025-10-20,23.4,Day,Team B
PROD009,JOB-1959,2025-10-21,22.05,Day,Team A
PROD009,JOB-1064,2025-10-22,22.46,Day,Team B
PROD009,JOB-1623,2025-10-23,20.42,Night,Team B
PROD009,JOB-1954,2025-10-24,17.84,Day,Team A
PROD009,JOB-1674,2025-10-25,7.83,Day,Team C
PROD009,JOB-1889,2025-10-26,8.04,Day,Team B
PROD009,JOB-1590,2025-10-27,22.93,Day,Team C
PROD009,JOB-1183,2025-10-28,24.46,Night,Team C
PROD009,JOB-1782,2025-10-29,23.19,Day,Team B
PROD009,JOB-1944,2025-10-30,22.45,Night,Team C
PROD009,JOB-1428,2025-10-31,24.54,Day,Team A
PROD009,JOB-1313,2025-11-01,8.57,Night,Team C
PROD009,JOB-1060,2025-11-02,10.9,Day,Team A
PROD009,JOB-1239,2025-11-03,20.84,Night,Team C
PROD009,JOB-1910,2025-11-04,26.85,Night,Team C
PROD009,JOB-1266,2025-11-05,26.09,Night,Team C
PROD009,JOB-1521,2025-11-06,20.91,Day,Team B
PROD009,JOB-1743,2025-11-07,23.91,Night,Team A
PROD009,JOB-1744,2025-11-08,8.68,Night,Team B
PROD009,JOB-1937,2025-11-09,10.26,Night,Team A
PROD009,JOB-1463,2025-11-10,29.68,Day,Team B
PROD009,JOB-1993,2025-11-11,22.5,Night,Team B
PROD009,JOB-1960,2025-11-12,24.18,Night,Team C
PROD009,JOB-1939,2025-11-13,22.58,Night,Team B
PROD009,JOB-1758,2025-11-14,18.03,Day,Team C
PROD009,JOB-1897,2025-11-15,9.73,Day,Team A
PROD009,JOB-1125,2025-11-16,11.1,Night,Team B
PROD009,JOB-1478,2025-11-17,25.19,Day,Team C
PROD009,JOB-1942,2025-11-18,24.13,Day,Team B
PROD009,JOB-1408,2025-11-19,24.16,Night,Team A
PROD009,JOB-1084,2025-11-20,23.46,Night,Team B
PROD009,JOB-1483,2025-11-21,23.37,Night,Team A
PROD009,JOB-1245,2025-11-22,10.35,Night,Team B
PROD009,JOB-1691,2025-11-23,9.33,Night,Team B
PROD009,JOB-1011,2025-11-24,31.79,Day,Team C
PROD009,JOB-1949,2025-11-25,30.42,Night,Team B
PROD009,JOB-1604,2025-11-26,27.79,Day,Team C
PROD009,JOB-1349,2025-11-27,27.25,Night,Team A
PROD009,JOB-1684,2025-11-28,22.7,Day,Team A
PROD010,JOB-1491,2025-08-31,8.85,Night,Team C
PROD010,JOB-1296,2025-09-01,18.86,Day,Team A
PROD010,JOB-1541,2025-09-02,26.14,Night,Team B
PROD010,JOB-1803,2025-09-03,24.65,Day,Team A
PROD010,JOB-1120,2025-09-04,24.53,Day,Team A
PROD010,JOB-1710,2025-09-05,20.43,Day,Team C
PROD010,JOB-1471,2025-09-06,8.49,Night,Team A
PROD010,JOB-1284,2025-09-07,9.6,Night,Team A
PROD010,JOB-1820,2025-09-08,23.84,Night,Team A
PROD010,JOB-1040,2025-09-09,25.77,Day,Team B
PROD010,JOB-1020,2025-09-10,18.69,Night,Team A
PROD010,JOB-1992,2025-09-11,22.96,Night,Team C
PROD010,JOB-1974,2025-09-12,21.46,Night,Team A
PROD010,JOB-1826,2025-09-13,8.61,Night,Team A
PROD010,JOB-1323,2025-09-14,9.25,Night,Team A
PROD010,JOB-1367,2025-09-15,20.81,Day,Team A
PROD010,JOB-1474,2025-09-16,21.29,Day,Team C
PROD010,JOB-1399,2025-09-17,20.01,Day,Team C
PROD010,JOB-1262,2025-09-18,19.42,Day,Team C
PROD010,JOB-1620,2025-09-19,16.1,Night,Team C
PROD010,JOB-1905,2025-09-20,6.99,Night,Team C
PROD010,JOB-1449,2025-09-21,8.74,Day,Team A
PROD010,JOB-1368,2025-09-22,23.59,Night,Team C
PROD010,JOB-1460,2025-09-23,21.16,Day,Team C
PROD010,JOB-1660,2025-09-24,20.23,Night,Team A
PROD010,JOB-1076,2025-09-25,24.56,Night,Team C
PROD010,JOB-1645,2025-09-26,16.45,Day,Team A
PROD010,JOB-1199,2025-09-27,8.44,Day,Team C
PROD010,JOB-1325,2025-09-28,7.88,Night,Team C
PROD010,JOB-1132,2025-09-29,22.52,Night,Team C
PROD010,JOB-1809,2025-09-30,22.35,Day,Team B
PROD010,JOB-1395,2025-10-01,21.91,Day,Team C
PROD010,JOB-1565,2025-10-02,22.17,Night,Team B
PROD010,JOB-1859,2025-10-03,19.81,Day,Team C
PROD010,JOB-1865,2025-10-04,7.09,Night,Team B
PROD010,JOB-1584,2025-10-05,7.8,Day,Team A
PROD010,JOB-1823,2025-10-06,20.89,Night,Team C
PROD010,JOB-1258,2025-10-07,25.25,Night,Team A
PROD010,JOB-1442,2025-10-08,20.34,Day,Team A
PROD010,JOB-1559,2025-10-09,16.72,Day,Team C
PROD010,JOB-1242,2025-10-10,18.72,Night,Team B
PROD010,JOB-1427,2025-10-11,6.48,Day,Team C
PROD010,JOB-1647,2025-10-12,9.25,Night,Team B
PROD010,JOB-1875,2025-10-13,17.9,Night,Team B
PROD010,JOB-1070,2025-10-14,21.49,Night,Team C
PROD010,JOB-1473,2025-10-15,21.33,Day,Team B
PROD010,JOB-1615,2025-10-16,18.31,Day,Team A
PROD010,JOB-1920,2025-10-17,16.82,Day,Team A
PROD010,JOB-1686,2025-10-18,8.02,Day,Team B
PROD010,JOB-1530,2025-10-19,6.56,Night,Team A
PROD010,JOB-1749,2025-10-20,22.49,Night,Team A
PROD010,JOB-1578,2025-10-21,15.14,Night,Team B
PROD010,JOB-1206,2025-10-22,16.47,Night,Team B
PROD010,JOB-1215,2025-10-23,14.06,Day,Team C
PROD010,JOB-1613,2025-10-24,17.5,Day,Team B
PROD010,JOB-1823,2025-10-25,5.67,Night,Team B
PROD010,JOB-1775,2025-10-26,9.28,Night,Team C
PROD010,JOB-1805,2025-10-27,17.41,Night,Team C
PROD010,JOB-1948,2025-10-28,14.47,Night,Team C
PROD010,JOB-1565,2025-10-29,16.17,Day,Team B
PROD010,JOB-1857,2025-10-30,17.82,Day,Team C
PROD010,JOB-1909,2025-10-31,15.7,Day,Team C
PROD010,JOB-1939,2025-11-01,6.87,Night,Team C
PROD010,JOB-1534,2025-11-02,7.15,Day,Team B
PROD010,JOB-1043,2025-11-03,16.93,Night,Team A
PROD010,JOB-1979,2025-11-04,17.79,Night,Team A
PROD010,JOB-1846,2025-11-05,18.31,Night,Team B
PROD010,JOB-1854,2025-11-06,15.44,Night,Team A
PROD010,JOB-1844,2025-11-07,19.79,Night,Team C
PROD010,JOB-1215,2025-11-08,5.13,Day,Team C
PROD010,JOB-1337,2025-11-09,6.92,Day,Team B
PROD010,JOB-1576,2025-11-10,17.25,Night,Team A
PROD010,JOB-1901,2025-11-11,21.01,Night,Team B
PROD010,JOB-1542,2025-11-12,19.67,Day,Team C
PROD010,JOB-1262,2025-11-13,14.31,Day,Team B
PROD010,JOB-1445,2025-11-14,16.58,Night,Team C
PROD010,JOB-1852,2025-11-15,5.99,Night,Team A
PROD010,JOB-1860,2025-11-16,6.65,Day,Team B
PROD010,JOB-1355,2025-11-17,19.41,Night,Team B
PROD010,JOB-1241,2025-11-18,20.55,Night,Team B
PROD010,JOB-1413,2025-11-19,14.79,Night,Team A
PROD010,JOB-1337,2025-11-20,13.85,Night,Team A
PROD010,JOB-1393,2025-11-21,13.09,Night,Team A
PROD010,JOB-1733,2025-11-22,7.37,Night,Team C
PROD010,JOB-1019,2025-11-23,6.13,Night,Team A
PROD010,JOB-1329,2025-11-24,17.06,Night,Team C
PROD010,JOB-1965,2025-11-25,17.21,Day,Team A
PROD010,JOB-1598,2025-11-26,15.84,Night,Team C
PROD010,JOB-1774,2025-11-27,15.28,Night,Team C
PROD010,JOB-1948,2025-11-28,12.08,Day,Team A
PROD001,JOB-1570,2025-08-31,6.69,Day,Team A
PROD001,JOB-1765,2025-09-01,18.34,Night,Team B
PROD001,JOB-1995,2025-09-02,17.27,Night,Team C
PROD001,JOB-1996,2025-09-03,18.87,Day,Team A
PROD001,JOB-1252,2025-09-04,14.08,Day,Team C
PROD001,JOB-1358,2025-09-05,11.05,Night,Team A
PROD001,JOB-1762,2025-09-06,6.39,Day,Team A
PROD001,JOB-1098,2025-09-07,6.14,Night,Team A
PROD001,JOB-1012,2025-09-08,20.84,Day,Team A
PROD001,JOB-1245,2025-09-09,14.56,Day,Team B
PROD001,JOB-1780,2025-09-10,17.61,Day,Team B
PROD001,JOB-1168,2025-09-11,12.32,Day,Team A
PROD001,JOB-1537,2025-09-12,15.96,Night,Team A
PROD001,JOB-1482,2025-09-13,5.07,Day,Team A
PROD001,JOB-1013,2025-09-14,6.32,Day,Team A
PROD001,JOB-1892,2025-09-15,13.81,Night,Team B
PROD001,JOB-1326,2025-09-16,18.35,Day,Team B
PROD001,JOB-1569,2025-09-17,16.26,Day,Team C
PROD001,JOB-1343,2025-09-18,9.95,Day,Team C
PROD001,JOB-1263,2025-09-19,17.43,Day,Team A
PROD001,JOB-1593,2025-09-20,6.83,Night,Team A
PROD001,JOB-1673,2025-09-21,7.68,Day,Team C
PROD001,JOB-1770,2025-09-22,15.82,Night,Team C
PROD001,JOB-1671,2025-09-23,20.24,Night,Team C
PROD001,JOB-1827,2025-09-24,16.84,Day,Team A
PROD001,JOB-1711,2025-09-25,14.31,Night,Team A
PROD001,JOB-1719,2025-09-26,15.1,Day,Team A
PROD001,JOB-1947,2025-09-27,8.7,Night,Team B
PROD001,JOB-1735,2025-09-28,5.71,Night,Team C
PROD001,JOB-1601,2025-09-29,22.57,Day,Team C
PROD001,JOB-1695,2025-09-30,21.97,Night,Team A
PROD001,JOB-1403,2025-10-01,21.31,Night,Team C
PROD001,JOB-1149,2025-10-02,15.84,Day,Team A
PROD001,JOB-1995,2025-10-03,19.87,Day,Team C
PROD001,JOB-1475,2025-10-04,8.33,Day,Team B
PROD001,JOB-1327,2025-10-05,6.58,Night,Team C
PROD001,JOB-1882,2025-10-06,16.0,Day,Team A
PROD001,JOB-1447,2025-10-07,18.37,Night,Team B
PROD001,JOB-1499,2025-10-08,21.38,Night,Team A
PROD001,JOB-1823,2025-10-09,21.16,Day,Team C
PROD001,JOB-1074,2025-10-10,18.2,Night,Team A
PROD001,JOB-1644,2025-10-11,7.44,Night,Team B
PROD001,JOB-1178,2025-10-12,7.64,Day,Team A
PROD001,JOB-1044,2025-10-13,18.51,Day,Team B
PROD001,JOB-1472,2025-10-14,17.43,Day,Team C
PROD001,JOB-1524,2025-10-15,19.27,Night,Team B
PROD001,JOB-1160,2025-10-16,17.43,Day,Team B
PROD001,JOB-1726,2025-10-17,19.02,Night,Team B
PROD001,JOB-1689,2025-10-18,7.62,Day,Team A
PROD001,JOB-1659,2025-10-19,9.33,Day,Team A
PROD001,JOB-1549,2025-10-20,21.33,Day,Team B
PROD001,JOB-1544,2025-10-21,20.73,Night,Team C
PROD001,JOB-1241,2025-10-22,15.33,Day,Team A
PROD001,JOB-1930,2025-10-23,19.11,Day,Team A
PROD001,JOB-1095,2025-10-24,16.78,Night,Team A
PROD001,JOB-1057,2025-10-25,9.18,Night,Team A
PROD001,JOB-1141,2025-10-26,8.69,Day,Team C
PROD001,JOB-1219,2025-10-27,24.55,Day,Team A
PROD001,JOB-1242,2025-10-28,22.93,Night,Team C
PROD001,JOB-1016,2025-10-29,17.93,Day,Team B
PROD001,JOB-1456,2025-10-30,20.81,Night,Team C
PROD001,JOB-1320,2025-10-31,20.75,Day,Team A
PROD001,JOB-1767,2025-11-01,8.09,Night,Team B
PROD001,JOB-1582,2025-11-02,9.16,Night,Team C
PROD001,JOB-1523,2025-11-03,17.06,Day,Team B
PROD001,JOB-1048,2025-11-04,20.17,Night,Team A
PROD001,JOB-1740,2025-11-05,22.93,Day,Team B
PROD001,JOB-1234,2025-11-06,22.06,Day,Team B
PROD001,JOB-1181,2025-11-07,20.44,Night,Team B
PROD001,JOB-1465,2025-11-08,7.64,Day,Team C
PROD001,JOB-1858,2025-11-09,7.61,Night,Team C
PROD001,JOB-1917,2025-11-10,20.13,Night,Team C
PROD001,JOB-1627,2025-11-11,20.99,Night,Team C
PROD001,JOB-1183,2025-11-12,19.34,Day,Team C
PROD001,JOB-1111,2025-11-13,18.46,Night,Team A
PROD001,JOB-1101,2025-11-14,19.24,Day,Team B
PROD001,JOB-1854,2025-11-15,8.86,Day,Team B
PROD001,JOB-1929,2025-11-16,12.26,Day,Team B
PROD001,JOB-1172,2025-11-17,23.42,Night,Team B
PROD001,JOB-1782,2025-11-18,23.19,Day,Team B
PROD001,JOB-1065,2025-11-19,20.1,Day,Team B
PROD001,JOB-1309,2025-11-20,24.32,Night,Team B
PROD001,JOB-1468,2025-11-21,21.76,Day,Team A
PROD001,JOB-1365,2025-11-22,8.29,Day,Team A
PROD001,JOB-1289,2025-11-23,8.98,Day,Team A
PROD001,JOB-1696,2025-11-24,25.25,Day,Team A
PROD001,JOB-1959,2025-11-25,28.51,Night,Team C
PROD001,JOB-1314,2025-11-26,23.72,Day,Team B
PROD001,JOB-1295,2025-11-27,24.51,Night,Team B
PROD001,JOB-1433,2025-11-28,22.55,Night,Team C
PROD002,JOB-1340,2025-08-31,4.78,Day,Team B
PROD002,JOB-1681,2025-09-01,9.62,Day,Team B
PROD002,JOB-1929,2025-09-02,11.33,Night,Team C
PROD002,JOB-1539,2025-09-03,9.39,Day,Team C
PROD002,JOB-1762,2025-09-04,8.52,Night,Team C
PROD002,JOB-1350,2025-09-05,3.82,Night,Team A
PROD002,JOB-1908,2025-09-06,4.05,Day,Team C
PROD002,JOB-1865,2025-09-07,5.38,Night,Team B
PROD002,JOB-1474,2025-09-08,10.65,Night,Team C
PROD002,JOB-1359,2025-09-09,7.12,Night,Team A
PROD002,JOB-1737,2025-09-10,14.31,Day,Team C
PROD002,JOB-1140,2025-09-11,10.36,Night,Team A
PROD002,JOB-1001,2025-09-12,8.99,Day,Team C
PROD002,JOB-1315,2025-09-13,4.15,Night,Team C
PROD002,JOB-1425,2025-09-14,4.03,Night,Team B
PROD002,JOB-1367,2025-09-15,10.03,Night,Team B
PROD002,JOB-1181,2025-09-16,15.07,Day,Team A
PROD002,JOB-1623,2025-09-17,11.05,Day,Team A
PROD002,JOB-1486,2025-09-18,9.02,Day,Team A
PROD002,JOB-1408,2025-09-19,5.39,Night,Team A
PROD002,JOB-1789,2025-09-20,3.95,Day,Team C
PROD002,JOB-1233,2025-09-21,2.02,Night,Team B
PROD002,JOB-1388,2025-09-22,5.49,Day,Team C
PROD002,JOB-1646,2025-09-23,8.57,Night,Team C
PROD002,JOB-1084,2025-09-24,10.32,Day,Team A
PROD002,JOB-1662,2025-09-25,9.85,Night,Team A
PROD002,JOB-1267,2025-09-26,7.34,Day,Team C
PROD002,JOB-1713,2025-09-27,3.06,Night,Team B
PROD002,JOB-1414,2025-09-28,3.48,Day,Team A
PROD002,JOB-1542,2025-09-29,9.49,Day,Team A
PROD002,JOB-1391,2025-09-30,7.24,Day,Team B
PROD002,JOB-1022,2025-10-01,11.36,Day,Team C
PROD002,JOB-1418,2025-10-02,7.24,Night,Team C
PROD002,JOB-1530,2025-10-03,8.84,Night,Team A
PROD002,JOB-1554,2025-10-04,5.24,Night,Team B
PROD002,JOB-1326,2025-10-05,4.77,Night,Team B
PROD002,JOB-1966,2025-10-06,10.3,Night,Team B
PROD002,JOB-1285,2025-10-07,10.33,Night,Team C
PROD002,JOB-1123,2025-10-08,11.46,Day,Team B
PROD002,JOB-1149,2025-10-09,10.26,Night,Team B
PROD002,JOB-1407,2025-10-10,9.84,Night,Team C
PROD002,JOB-1610,2025-10-11,5.92,Night,Team B
PROD002,JOB-1031,2025-10-12,5.14,Day,Team B
PROD002,JOB-1946,2025-10-13,12.56,Night,Team C
PROD002,JOB-1610,2025-10-14,10.67,Night,Team A
PROD002,JOB-1279,2025-10-15,13.95,Night,Team A
PROD002,JOB-1966,2025-10-16,6.56,Night,Team B
PROD002,JOB-1337,2025-10-17,7.56,Day,Team C
PROD002,JOB-1953,2025-10-18,3.47,Night,Team A
PROD002,JOB-1146,2025-10-19,5.58,Day,Team C
PROD002,JOB-1003,2025-10-20,11.29,Night,Team C
PROD002,JOB-1873,2025-10-21,10.39,Night,Team C
PROD002,JOB-1153,2025-10-22,10.51,Night,Team A
PROD002,JOB-1444,2025-10-23,9.75,Night,Team C
PROD002,JOB-1360,2025-10-24,7.9,Night,Team C
PROD002,JOB-1130,2025-10-25,2.15,Night,Team B
PROD002,JOB-1252,2025-10-26,4.08,Day,Team C
PROD002,JOB-1466,2025-10-27,9.31,Day,Team B
PROD002,JOB-1491,2025-10-28,10.7,Day,Team B
PROD002,JOB-1475,2025-10-29,7.78,Night,Team A
PROD002,JOB-1107,2025-10-30,3.42,Day,Team B
PROD002,JOB-1208,2025-10-31,4.44,Night,Team B
PROD002,JOB-1430,2025-11-01,0.72,Night,Team B
PROD002,JOB-1036,2025-11-02,4.71,Night,Team C
PROD002,JOB-1724,2025-11-03,10.89,Day,Team A
PROD002,JOB-1634,2025-11-04,10.67,Night,Team B
PROD002,JOB-1221,2025-11-05,9.68,Day,Team C
PROD002,JOB-1036,2025-11-06,4.93,Night,Team C
PROD002,JOB-1225,2025-11-07,9.23,Day,Team C
PROD002,JOB-1309,2025-11-08,2.98,Night,Team A
PROD002,JOB-1922,2025-11-09,2.63,Night,Team A
PROD002,JOB-1234,2025-11-10,4.25,Day,Team C
PROD002,JOB-1617,2025-11-11,1.33,Night,Team C
PROD002,JOB-1557,2025-11-12,5.98,Night,Team C
PROD002,JOB-1747,2025-11-13,12.75,Night,Team A
PROD002,JOB-1127,2025-11-14,8.14,Night,Team B
PROD002,JOB-1377,2025-11-15,3.7,Day,Team C
PROD002,JOB-1260,2025-11-16,5.51,Night,Team A
PROD002,JOB-1150,2025-11-17,10.4,Day,Team B
PROD002,JOB-1605,2025-11-18,6.13,Night,Team C
PROD002,JOB-1511,2025-11-19,6.3,Day,Team B
PROD002,JOB-1719,2025-11-20,13.46,Day,Team A
PROD002,JOB-1982,2025-11-21,12.48,Day,Team A
PROD002,JOB-1461,2025-11-22,5.55,Night,Team A
PROD002,JOB-1808,2025-11-23,1.98,Night,Team C
PROD002,JOB-1487,2025-11-24,12.02,Day,Team C
PROD002,JOB-1924,2025-11-25,8.9,Day,Team A
PROD002,JOB-1250,2025-11-26,10.63,Day,Team A
PROD002,JOB-1404,2025-11-27,9.62,Day,Team C
PROD002,JOB-1552,2025-11-28,6.48,Night,Team A
PROD003,JOB-1361,2025-08-31,9.48,Night,Team C
PROD003,JOB-1795,2025-09-01,18.26,Day,Team A
PROD003,JOB-1174,2025-09-02,23.53,Night,Team B
PROD003,JOB-1760,2025-09-03,21.6,Day,Team C
PROD003,JOB-1952,2025-09-04,21.17,Day,Team A
PROD003,JOB-1716,2025-09-05,23.28,Night,Team A
PROD003,JOB-1846,2025-09-06,8.6,Day,Team C
PROD003,JOB-1205,2025-09-07,9.42,Day,Team C
PROD003,JOB-1044,2025-09-08,23.35,Night,Team C
PROD003,JOB-1117,2025-09-09,25.89,Day,Team A
PROD003,JOB-1555,2025-09-10,24.26,Day,Team B
PROD003,JOB-1600,2025-09-11,17.44,Night,Team C
PROD003,JOB-1588,2025-09-12,24.86,Night,Team C
PROD003,JOB-1254,2025-09-13,8.13,Night,Team A
PROD003,JOB-1058,2025-09-14,8.17,Day,Team B
PROD003,JOB-1172,2025-09-15,26.0,Night,Team A
PROD003,JOB-1208,2025-09-16,21.22,Day,Team C
PROD003,JOB-1557,2025-09-17,24.01,Day,Team C
PROD003,JOB-1365,2025-09-18,24.63,Day,Team B
PROD003,JOB-1107,2025-09-19,21.98,Day,Team B
PROD003,JOB-1904,2025-09-20,6.92,Night,Team C
PROD003,JOB-1832,2025-09-21,9.63,Day,Team B
PROD003,JOB-1557,2025-09-22,26.7,Night,Team A
PROD003,JOB-1774,2025-09-23,27.38,Day,Team A
PROD003,JOB-1013,2025-09-24,25.79,Day,Team B
PROD003,JOB-1777,2025-09-25,21.81,Night,Team C
PROD003,JOB-1449,2025-09-26,24.25,Night,Team C
PROD003,JOB-1225,2025-09-27,8.18,Night,Team A
PROD003,JOB-1862,2025-09-28,10.15,Day,Team C
PROD003,JOB-1850,2025-09-29,21.94,Day,Team C
PROD003,JOB-1661,2025-09-30,23.05,Day,Team C
PROD003,JOB-1946,2025-10-01,25.76,Day,Team C
PROD003,JOB-1598,2025-10-02,24.59,Day,Team A
PROD003,JOB-1846,2025-10-03,22.67,Night,Team B
PROD003,JOB-1852,2025-10-04,10.7,Night,Team C
PROD003,JOB-1355,2025-10-05,9.18,Night,Team A
PROD003,JOB-1201,2025-10-06,24.56,Night,Team B
PROD003,JOB-1613,2025-10-07,24.78,Night,Team B
PROD003,JOB-1787,2025-10-08,23.89,Night,Team A
PROD003,JOB-1272,2025-10-09,21.01,Night,Team A
PROD003,JOB-1093,2025-10-10,22.63,Night,Team B
PROD003,JOB-1966,2025-10-11,10.55,Day,Team A
PROD003,JOB-1135,2025-10-12,9.05,Night,Team B
PROD003,JOB-1220,2025-10-13,22.11,Night,Team B
PROD003,JOB-1087,2025-10-14,23.98,Night,Team B
PROD003,JOB-1337,2025-10-15,28.29,Day,Team C
PROD003,JOB-1533,2025-10-16,29.15,Day,Team B
PROD003,JOB-1211,2025-10-17,25.94,Day,Team C
PROD003,JOB-1436,2025-10-18,10.92,Day,Team A
PROD003,JOB-1368,2025-10-19,9.95,Day,Team A
PROD003,JOB-1374,2025-10-20,29.47,Day,Team C
PROD003,JOB-1633,2025-10-21,29.64,Night,Team C
PROD003,JOB-1948,2025-10-22,26.52,Day,Team B
PROD003,JOB-1470,2025-10-23,25.85,Night,Team C
PROD003,JOB-1440,2025-10-24,23.14,Night,Team B
PROD003,JOB-1689,2025-10-25,9.63,Night,Team C
PROD003,JOB-1175,2025-10-26,13.2,Day,Team C
PROD003,JOB-1265,2025-10-27,23.5,Day,Team B
PROD003,JOB-1779,2025-10-28,26.99,Night,Team B
PROD003,JOB-1681,2025-10-29,25.44,Night,Team A
PROD003,JOB-1372,2025-10-30,30.4,Day,Team A
PROD003,JOB-1636,2025-10-31,27.34,Night,Team C
PROD003,JOB-1865,2025-11-01,12.3,Night,Team B
PROD003,JOB-1549,2025-11-02,11.48,Night,Team A
PROD003,JOB-1948,2025-11-03,29.35,Day,Team C
PROD003,JOB-1062,2025-11-04,28.72,Day,Team B
PROD003,JOB-1573,2025-11-05,29.37,Day,Team C
PROD003,JOB-1419,2025-11-06,26.15,Day,Team A
PROD003,JOB-1978,2025-11-07,26.46,Day,Team C
PROD003,JOB-1419,2025-11-08,12.05,Night,Team C
PROD003,JOB-1191,2025-11-09,10.88,Day,Team B
PROD003,JOB-1392,2025-11-10,32.65,Day,Team A
PROD003,JOB-1047,2025-11-11,28.18,Day,Team C
PROD003,JOB-1838,2025-11-12,27.34,Day,Team B
PROD003,JOB-1799,2025-11-13,26.61,Night,Team C
PROD003,JOB-1465,2025-11-14,28.48,Night,Team B
PROD003,JOB-1834,2025-11-15,11.46,Day,Team A
PROD003,JOB-1148,2025-11-16,13.87,Day,Team C
PROD003,JOB-1060,2025-11-17,31.79,Night,Team C
PROD003,JOB-1600,2025-11-18,28.15,Day,Team A
PROD003,JOB-1336,2025-11-19,27.62,Night,Team C
PROD003,JOB-1969,2025-11-20,28.94,Night,Team A
PROD003,JOB-1500,2025-11-21,35.2,Day,Team C
PROD003,JOB-1367,2025-11-22,12.38,Night,Team B
PROD003,JOB-1463,2025-11-23,12.13,Night,Team A
PROD003,JOB-1375,2025-11-24,33.63,Night,Team C
PROD003,JOB-1588,2025-11-25,28.02,Day,Team C
PROD003,JOB-1280,2025-11-26,35.63,Day,Team A
PROD003,JOB-1720,2025-11-27,29.91,Night,Team A
PROD003,JOB-1787,2025-11-28,29.59,Night,Team A
PROD004,JOB-1457,2025-08-31,2.96,Night,Team C
PROD004,JOB-1599,2025-09-01,13.54,Day,Team A
PROD004,JOB-1758,2025-09-02,7.65,Day,Team C
PROD004,JOB-1399,2025-09-03,5.06,Day,Team B
PROD004,JOB-1844,2025-09-04,8.7,Day,Team B
PROD004,JOB-1461,2025-09-05,7.18,Night,Team A
PROD004,JOB-1196,2025-09-06,3.51,Night,Team A
PROD004,JOB-1271,2025-09-07,2.0,Night,Team B
PROD004,JOB-1777,2025-09-08,9.26,Night,Team B
PROD004,JOB-1765,2025-09-09,8.53,Night,Team A
PROD004,JOB-1694,2025-09-10,5.59,Day,Team C
PROD004,JOB-1013,2025-09-11,3.89,Night,Team B
PROD004,JOB-1400,2025-09-12,6.62,Day,Team B
PROD004,JOB-1219,2025-09-13,2.43,Night,Team B
PROD004,JOB-1741,2025-09-14,3.31,Day,Team B
PROD004,JOB-1172,2025-09-15,11.74,Day,Team B
PROD004,JOB-1162,2025-09-16,3.81,Night,Team B
PROD004,JOB-1767,2025-09-17,5.61,Night,Team B
PROD004,JOB-1195,2025-09-18,2.63,Night,Team B
PROD004,JOB-1802,2025-09-19,1.14,Night,Team A
PROD004,JOB-1179,2025-09-20,3.43,Night,Team B
PROD004,JOB-1237,2025-09-21,4.22,Day,Team C
PROD004,JOB-1888,2025-09-22,3.81,Night,Team C
PROD004,JOB-1153,2025-09-23,2.93,Day,Team C
PROD004,JOB-1813,2025-09-24,5.48,Night,Team A
PROD004,JOB-1569,2025-09-25,3.34,Night,Team C
PROD004,JOB-1360,2025-09-26,3.38,Day,Team A
PROD004,JOB-1902,2025-09-27,2.49,Day,Team C
PROD004,JOB-1763,2025-09-28,2.13,Day,Team B
PROD004,JOB-1662,2025-09-29,1.63,Night,Team C
PROD004,JOB-1860,2025-09-30,3.26,Day,Team A
PROD004,JOB-1611,2025-10-01,8.79,Night,Team A
PROD004,JOB-1794,2025-10-02,4.23,Night,Team A
PROD004,JOB-1313,2025-10-03,6.01,Day,Team C
PROD004,JOB-1857,2025-10-04,0.61,Day,Team C
PROD004,JOB-1221,2025-10-05,3.18,Day,Team A
PROD004,JOB-1376,2025-10-06,5.32,Night,Team C
PROD004,JOB-1879,2025-10-07,4.54,Day,Team A
PROD004,JOB-1807,2025-10-08,2.67,Night,Team C
PROD004,JOB-1241,2025-10-09,3.86,Night,Team A
PROD004,JOB-1174,2025-10-10,5.05,Night,Team B
PROD004,JOB-1406,2025-10-11,0.0,Night,Team A
PROD004,JOB-1625,2025-10-12,1.57,Night,Team A
PROD004,JOB-1083,2025-10-13,6.62,Day,Team C
PROD004,JOB-1235,2025-10-14,5.0,Day,Team A
PROD004,JOB-1345,2025-10-15,6.48,Day,Team A
PROD004,JOB-1129,2025-10-16,0.22,Night,Team A
PROD004,JOB-1923,2025-10-17,1.87,Day,Team C
PROD004,JOB-1786,2025-10-18,0.12,Night,Team A
PROD004,JOB-1723,2025-10-19,0.77,Day,Team A
PROD004,JOB-1654,2025-10-20,0.83,Day,Team B
PROD004,JOB-1750,2025-10-21,1.28,Day,Team A
PROD004,JOB-1794,2025-10-22,4.52,Night,Team B
PROD004,JOB-1221,2025-10-23,2.38,Day,Team A
PROD004,JOB-1637,2025-10-24,5.34,Day,Team B
PROD004,JOB-1527,2025-10-25,0.86,Night,Team B
PROD004,JOB-1049,2025-10-26,0.73,Night,Team B
PROD004,JOB-1527,2025-10-27,1.86,Night,Team A
PROD004,JOB-1915,2025-10-28,4.57,Night,Team A
PROD004,JOB-1253,2025-10-29,1.15,Night,Team C
PROD004,JOB-1834,2025-10-30,0.0,Night,Team B
PROD004,JOB-1011,2025-10-31,0.0,Night,Team A
PROD004,JOB-1817,2025-11-01,0.97,Night,Team A
PROD004,JOB-1624,2025-11-02,1.73,Night,Team A
PROD004,JOB-1195,2025-11-03,1.49,Night,Team A
PROD004,JOB-1320,2025-11-04,2.48,Night,Team A
PROD004,JOB-1806,2025-11-05,0.16,Night,Team B
PROD004,JOB-1123,2025-11-06,1.08,Day,Team A
PROD004,JOB-1061,2025-11-07,2.94,Night,Team B
PROD004,JOB-1486,2025-11-08,0.16,Day,Team C
PROD004,JOB-1679,2025-11-09,0.1,Day,Team A
PROD004,JOB-1893,2025-11-10,0.0,Day,Team C
PROD004,JOB-1092,2025-11-11,0.65,Day,Team A
PROD004,JOB-1522,2025-11-12,0.98,Night,Team B
PROD004,JOB-1198,2025-11-13,0.93,Day,Team A
PROD004,JOB-1050,2025-11-14,2.99,Day,Team A
PROD004,JOB-1965,2025-11-15,0.0,Day,Team B
PROD004,JOB-1847,2025-11-16,0.0,Night,Team B
PROD004,JOB-1921,2025-11-17,1.94,Day,Team C
PROD004,JOB-1731,2025-11-18,1.78,Day,Team A
PROD004,JOB-1990,2025-11-19,0.0,Night,Team C
PROD004,JOB-1182,2025-11-20,0.5,Night,Team B
PROD004,JOB-1409,2025-11-21,0.0,Night,Team C
PROD004,JOB-1322,2025-11-22,0.0,Day,Team A
PROD004,JOB-1650,2025-11-23,0.44,Night,Team A
PROD004,JOB-1983,2025-11-24,0.83,Night,Team C
PROD004,JOB-1650,2025-11-25,0.0,Night,Team B
PROD004,JOB-1379,2025-11-26,0.0,Night,Team B
PROD004,JOB-1143,2025-11-27,0.0,Day,Team B
PROD004,JOB-1966,2025-11-28,0.0,Day,Team B
PROD005,JOB-1619,2025-08-31,6.11,Day,Team B
PROD005,JOB-1373,2025-09-01,17.48,Night,Team A
PROD005,JOB-1420,2025-09-02,16.87,Day,Team C
PROD005,JOB-1347,2025-09-03,18.31,Night,Team B
PROD005,JOB-1981,2025-09-04,14.93,Day,Team A
PROD005,JOB-1372,2025-09-05,15.47,Day,Team C
PROD005,JOB-1582,2025-09-06,7.96,Night,Team A
PROD005,JOB-1156,2025-09-07,6.0,Night,Team A
PROD005,JOB-1516,2025-09-08,17.9,Night,Team B
PROD005,JOB-1969,2025-09-09,13.09,Night,Team B
PROD005,JOB-1208,2025-09-10,16.1,Night,Team A
PROD005,JOB-1843,2025-09-11,15.93,Night,Team A
PROD005,JOB-1639,2025-09-12,13.07,Night,Team C
PROD005,JOB-1715,2025-09-13,4.59,Night,Team A
PROD005,JOB-1765,2025-09-14,6.53,Night,Team A
PROD005,JOB-1284,2025-09-15,16.21,Day,Team A
PROD005,JOB-1718,2025-09-16,15.4,Night,Team B
PROD005,JOB-1525,2025-09-17,16.58,Day,Team B
PROD005,JOB-1898,2025-09-18,11.75,Night,Team B
PROD005,JOB-1410,2025-09-19,14.04,Day,Team C
PROD005,JOB-1615,2025-09-20,4.23,Night,Team C
PROD005,JOB-1631,2025-09-21,6.14,Day,Team A
PROD005,JOB-1686,2025-09-22,15.75,Day,Team A
PROD005,JOB-1318,2025-09-23,15.53,Night,Team A
PROD005,JOB-1334,2025-09-24,14.44,Day,Team B
PROD005,JOB-1919,2025-09-25,18.96,Day,Team B
PROD005,JOB-1197,2025-09-26,11.9,Day,Team A
PROD005,JOB-1990,2025-09-27,6.13,Day,Team B
PROD005,JOB-1522,2025-09-28,5.52,Day,Team C
PROD005,JOB-1479,2025-09-29,13.13,Night,Team A
PROD005,JOB-1601,2025-09-30,17.08,Night,Team C
PROD005,JOB-1317,2025-10-01,17.34,Night,Team C
PROD005,JOB-1722,2025-10-02,7.73,Day,Team A
PROD005,JOB-1787,2025-10-03,12.84,Night,Team C
PROD005,JOB-1303,2025-10-04,5.25,Night,Team C
PROD005,JOB-1033,2025-10-05,4.21,Night,Team A
PROD005,JOB-1928,2025-10-06,18.58,Night,Team C
PROD005,JOB-1285,2025-10-07,19.56,Night,Team A
PROD005,JOB-1076,2025-10-08,14.03,Night,Team A
PROD005,JOB-1820,2025-10-09,12.16,Night,Team C
PROD005,JOB-1891,2025-10-10,10.85,Day,Team A
PROD005,JOB-1391,2025-10-11,5.73,Night,Team A
PROD005,JOB-1474,2025-10-12,5.86,Day,Team B
PROD005,JOB-1276,2025-10-13,17.08,Night,Team B
PROD005,JOB-1775,2025-10-14,13.14,Night,Team C
PROD005,JOB-1285,2025-10-15,16.9,Night,Team A
PROD005,JOB-1031,2025-10-16,11.88,Night,Team B
PROD005,JOB-1539,2025-10-17,8.18,Day,Team A
PROD005,JOB-1501,2025-10-18,4.31,Night,Team A
PROD005,JOB-1823,2025-10-19,5.95,Night,Team C
PROD005,JOB-1611,2025-10-20,17.6,Night,Team A
PROD005,JOB-1665,2025-10-21,18.17,Night,Team B
PROD005,JOB-1611,2025-10-22,11.69,Night,Team C
PROD005,JOB-1983,2025-10-23,9.0,Day,Team B
PROD005,JOB-1902,2025-10-24,10.81,Night,Team C
PROD005,JOB-1825,2025-10-25,6.3,Night,Team C
PROD005,JOB-1477,2025-10-26,7.15,Day,Team C
PROD005,JOB-1352,2025-10-27,13.97,Night,Team C
PROD005,JOB-1691,2025-10-28,14.48,Day,Team B
PROD005,JOB-1858,2025-10-29,15.75,Night,Team C
PROD005,JOB-1432,2025-10-30,15.2,Day,Team B
PROD005,JOB-1949,2025-10-31,8.01,Night,Team B
PROD005,JOB-1598,2025-11-01,5.45,Night,Team A
PROD005,JOB-1360,2025-11-02,5.96,Night,Team A
PROD005,JOB-1136,2025-11-03,15.77,Day,Team B
PROD005,JOB-1598,2025-11-04,13.16,Night,Team B
PROD005,JOB-1337,2025-11-05,10.13,Night,Team B
PROD005,JOB-1175,2025-11-06,6.53,Day,Team B
PROD005,JOB-1527,2025-11-07,10.11,Day,Team C
PROD005,JOB-1517,2025-11-08,5.72,Night,Team B
PROD005,JOB-1333,2025-11-09,5.44,Night,Team C
PROD005,JOB-1006,2025-11-10,9.08,Night,Team A
PROD005,JOB-1514,2025-11-11,15.41,Day,Team B
PROD005,JOB-1658,2025-11-12,14.33,Night,Team A
PROD005,JOB-1782,2025-11-13,7.54,Day,Team B
PROD005,JOB-1613,2025-11-14,13.76,Day,Team A
PROD005,JOB-1849,2025-11-15,4.26,Night,Team C
PROD005,JOB-1188,2025-11-16,6.46,Night,Team B
PROD005,JOB-1931,2025-11-17,14.12,Day,Team C
PROD005,JOB-1310,2025-11-18,12.25,Day,Team A
PROD005,JOB-1847,2025-11-19,12.08,Night,Team B
PROD005,JOB-1144,2025-11-20,7.49,Day,Team A
PROD005,JOB-1290,2025-11-21,11.18,Day,Team B
PROD005,JOB-1536,2025-11-22,2.7,Night,Team C
PROD005,JOB-1632,2025-11-23,4.49,Night,Team C
PROD005,JOB-1677,2025-11-24,11.63,Day,Team C
PROD005,JOB-1139,2025-11-25,10.49,Night,Team B
PROD005,JOB-1374,2025-11-26,7.95,Night,Team A
PROD005,JOB-1619,2025-11-27,6.55,Night,Team B
PROD005,JOB-1484,2025-11-28,5.97,Night,Team C
PROD006,JOB-1228,2025-08-31,10.21,Night,Team B
PROD006,JOB-1848,2025-09-01,25.47,Night,Team C
PROD006,JOB-1295,2025-09-02,24.73,Night,Team B
PROD006,JOB-1771,2025-09-03,27.52,Day,Team C
PROD006,JOB-1392,2025-09-04,27.82,Day,Team B
PROD006,JOB-1673,2025-09-05,19.91,Night,Team B
PROD006,JOB-1089,2025-09-06,9.01,Night,Team C
PROD006,JOB-1309,2025-09-07,9.61,Night,Team A
PROD006,JOB-1158,2025-09-08,26.06,Day,Team B
PROD006,JOB-1444,2025-09-09,26.57,Night,Team C
PROD006,JOB-1165,2025-09-10,26.1,Day,Team C
PROD006,JOB-1876,2025-09-11,22.42,Night,Team B
PROD006,JOB-1805,2025-09-12,19.28,Day,Team A
PROD006,JOB-1301,2025-09-13,10.32,Day,Team B
PROD006,JOB-1298,2025-09-14,7.65,Day,Team C
PROD006,JOB-1484,2025-09-15,20.14,Night,Team A
PROD006,JOB-1982,2025-09-16,21.14,Night,Team A
PROD006,JOB-1927,2025-09-17,21.47,Night,Team A
PROD006,JOB-1286,2025-09-18,21.79,Day,Team C
PROD006,JOB-1215,2025-09-19,22.93,Night,Team A
PROD006,JOB-1705,2025-09-20,7.79,Night,Team C
PROD006,JOB-1623,2025-09-21,8.47,Night,Team B
PROD006,JOB-1286,2025-09-22,19.2,Day,Team A
PROD006,JOB-1950,2025-09-23,25.75,Day,Team C
PROD006,JOB-1818,2025-09-24,23.76,Night,Team A
PROD006,JOB-1382,2025-09-25,20.74,Day,Team C
PROD006,JOB-1009,2025-09-26,18.08,Night,Team C
PROD006,JOB-1984,2025-09-27,8.65,Day,Team A
PROD006,JOB-1617,2025-09-28,9.82,Day,Team A
PROD006,JOB-1965,2025-09-29,22.15,Day,Team B
PROD006,JOB-1571,2025-09-30,22.19,Day,Team C
PROD006,JOB-1962,2025-10-01,20.67,Night,Team B
PROD006,JOB-1489,2025-10-02,19.26,Day,Team B
PROD006,JOB-1654,2025-10-03,18.33,Night,Team B
PROD006,JOB-1871,2025-10-04,7.59,Day,Team B
PROD006,JOB-1161,2025-10-05,9.02,Day,Team B
PROD006,JOB-1625,2025-10-06,16.64,Night,Team C
PROD006,JOB-1677,2025-10-07,22.7,Day,Team B
PROD006,JOB-1771,2025-10-08,19.41,Night,Team B
PROD006,JOB-1046,2025-10-09,16.02,Day,Team A
PROD006,JOB-1490,2025-10-10,19.18,Night,Team C
PROD006,JOB-1761,2025-10-11,6.98,Night,Team C
PROD006,JOB-1870,2025-10-12,8.13,Day,Team C
PROD006,JOB-1104,2025-10-13,19.88,Night,Team C
PROD006,JOB-1367,2025-10-14,21.77,Night,Team B
PROD006,JOB-1492,2025-10-15,19.87,Night,Team B
PROD006,JOB-1613,2025-10-16,17.22,Night,Team A
PROD006,JOB-1494,2025-10-17,16.44,Day,Team B
PROD006,JOB-1121,2025-10-18,6.56,Night,Team C
PROD006,JOB-1279,2025-10-19,7.69,Night,Team A
PROD006,JOB-1965,2025-10-20,15.18,Day,Team A
PROD006,JOB-1175,2025-10-21,17.04,Day,Team A
PROD006,JOB-1186,2025-10-22,19.53,Night,Team A
PROD006,JOB-1793,2025-10-23,21.63,Day,Team B
PROD006,JOB-1680,2025-10-24,19.52,Day,Team C
PROD006,JOB-1479,2025-10-25,7.09,Night,Team B
PROD006,JOB-1322,2025-10-26,8.9,Night,Team C
PROD006,JOB-1969,2025-10-27,20.52,Day,Team C
PROD006,JOB-1595,2025-10-28,14.03,Day,Team B
PROD006,JOB-1006,2025-10-29,18.16,Day,Team C
PROD006,JOB-1213,2025-10-30,16.19,Night,Team A
PROD006,JOB-1382,2025-10-31,20.57,Day,Team C
PROD006,JOB-1290,2025-11-01,7.74,Day,Team A
PROD006,JOB-1249,2025-11-02,7.38,Night,Team C
PROD006,JOB-1872,2025-11-03,17.35,Day,Team B
PROD006,JOB-1774,2025-11-04,15.3,Day,Team C
PROD006,JOB-1420,2025-11-05,17.48,Day,Team B
PROD006,JOB-1303,2025-11-06,23.61,Day,Team A
PROD006,JOB-1413,2025-11-07,19.96,Day,Team C
PROD006,JOB-1011,2025-11-08,7.45,Night,Team B
PROD006,JOB-1115,2025-11-09,5.91,Day,Team A
PROD006,JOB-1208,2025-11-10,18.66,Night,Team C
PROD006,JOB-1300,2025-11-11,20.08,Day,Team C
PROD006,JOB-1277,2025-11-12,15.68,Day,Team A
PROD006,JOB-1329,2025-11-13,19.7,Day,Team C
PROD006,JOB-1707,2025-11-14,17.28,Day,Team C
PROD006,JOB-1028,2025-11-15,6.79,Day,Team C
PROD006,JOB-1024,2025-11-16,8.32,Day,Team C
PROD006,JOB-1552,2025-11-17,18.43,Day,Team B
PROD006,JOB-1301,2025-11-18,19.55,Night,Team B
PROD006,JOB-1232,2025-11-19,16.63,Night,Team A
PROD006,JOB-1586,2025-11-20,15.21,Day,Team A
PROD006,JOB-1141,2025-11-21,16.59,Day,Team C
PROD006,JOB-1047,2025-11-22,5.04,Day,Team A
PROD006,JOB-1873,2025-11-23,6.71,Night,Team A
PROD006,JOB-1025,2025-11-24,17.06,Night,Team B
PROD006,JOB-1420,2025-11-25,13.21,Night,Team C
PROD006,JOB-1342,2025-11-26,17.36,Night,Team A
PROD006,JOB-1180,2025-11-27,14.41,Day,Team B
PROD006,JOB-1680,2025-11-28,11.15,Night,Team A
PROD007,JOB-1605,2025-08-31,4.33,Day,Team A
PROD007,JOB-1813,2025-09-01,10.86,Day,Team B
PROD007,JOB-1104,2025-09-02,13.35,Night,Team A
PROD007,JOB-1993,2025-09-03,16.47,Day,Team A
PROD007,JOB-1171,2025-09-04,11.76,Night,Team A
PROD007,JOB-1633,2025-09-05,13.25,Day,Team C
PROD007,JOB-1198,2025-09-06,4.44,Night,Team B
PROD007,JOB-1754,2025-09-07,6.05,Night,Team A
PROD007,JOB-1383,2025-09-08,14.86,Day,Team C
PROD007,JOB-1739,2025-09-09,11.24,Day,Team B
PROD007,JOB-1687,2025-09-10,14.59,Night,Team C
PROD007,JOB-1517,2025-09-11,14.1,Day,Team A
PROD007,JOB-1742,2025-09-12,11.61,Night,Team A
PROD007,JOB-1553,2025-09-13,6.41,Day,Team B
PROD007,JOB-1547,2025-09-14,5.99,Night,Team C
PROD007,JOB-1002,2025-09-15,11.77,Day,Team B
PROD007,JOB-1146,2025-09-16,9.68,Day,Team B
PROD007,JOB-1564,2025-09-17,14.74,Day,Team C
PROD007,JOB-1325,2025-09-18,13.19,Night,Team C
PROD007,JOB-1575,2025-09-19,11.56,Day,Team C
PROD007,JOB-1241,2025-09-20,4.83,Night,Team A
PROD007,JOB-1847,2025-09-21,6.2,Night,Team B
PROD007,JOB-1861,2025-09-22,8.12,Night,Team B
PROD007,JOB-1009,2025-09-23,12.92,Night,Team B
PROD007,JOB-1932,2025-09-24,15.33,Night,Team B
PROD007,JOB-1561,2025-09-25,10.34,Day,Team B
PROD007,JOB-1494,2025-09-26,14.29,Day,Team A
PROD007,JOB-1460,2025-09-27,4.51,Day,Team C
PROD007,JOB-1539,2025-09-28,5.16,Night,Team B
PROD007,JOB-1670,2025-09-29,13.96,Night,Team C
PROD007,JOB-1286,2025-09-30,11.88,Night,Team C
PROD007,JOB-1678,2025-10-01,14.15,Day,Team C
PROD007,JOB-1139,2025-10-02,9.42,Day,Team A
PROD007,JOB-1834,2025-10-03,14.63,Day,Team C
PROD007,JOB-1398,2025-10-04,5.66,Night,Team B
PROD007,JOB-1229,2025-10-05,6.67,Day,Team C
PROD007,JOB-1440,2025-10-06,17.96,Night,Team A
PROD007,JOB-1172,2025-10-07,12.19,Night,Team C
PROD007,JOB-1977,2025-10-08,13.71,Day,Team B
PROD007,JOB-1396,2025-10-09,12.16,Day,Team C
PROD007,JOB-1223,2025-10-10,15.02,Day,Team A
PROD007,JOB-1866,2025-10-11,6.55,Night,Team C
PROD007,JOB-1097,2025-10-12,5.47,Night,Team B
PROD007,JOB-1023,2025-10-13,12.15,Day,Team C
PROD007,JOB-1530,2025-10-14,16.62,Day,Team C
PROD007,JOB-1170,2025-10-15,14.85,Night,Team A
PROD007,JOB-1064,2025-10-16,15.75,Night,Team B
PROD007,JOB-1110,2025-10-17,10.11,Night,Team C
PROD007,JOB-1150,2025-10-18,6.04,Night,Team A
PROD007,JOB-1686,2025-10-19,5.51,Night,Team B
PROD007,JOB-1040,2025-10-20,19.71,Night,Team A
PROD007,JOB-1613,2025-10-21,17.2,Day,Team C
PROD007,JOB-1407,2025-10-22,17.22,Day,Team A
PROD007,JOB-1177,2025-10-23,13.56,Night,Team B
PROD007,JOB-1051,2025-10-24,17.68,Day,Team C
PROD007,JOB-1316,2025-10-25,7.98,Day,Team B
PROD007,JOB-1213,2025-10-26,5.74,Day,Team B
PROD007,JOB-1462,2025-10-27,18.02,Night,Team C
PROD007,JOB-1825,2025-10-28,14.93,Night,Team A
PROD007,JOB-1009,2025-10-29,16.01,Night,Team C
PROD007,JOB-1814,2025-10-30,14.96,Day,Team C
PROD007,JOB-1732,2025-10-31,14.51,Day,Team A
PROD007,JOB-1163,2025-11-01,5.65,Night,Team C
PROD007,JOB-1970,2025-11-02,5.52,Night,Team C
PROD007,JOB-1776,2025-11-03,18.43,Day,Team C
PROD007,JOB-1471,2025-11-04,20.8,Day,Team B
PROD007,JOB-1970,2025-11-05,18.19,Day,Team A
PROD007,JOB-1375,2025-11-06,11.58,Day,Team C
PROD007,JOB-1969,2025-11-07,15.06,Night,Team A
PROD007,JOB-1125,2025-11-08,7.09,Day,Team A
PROD007,JOB-1774,2025-11-09,7.89,Night,Team C
PROD007,JOB-1327,2025-11-10,18.66,Night,Team C
PROD007,JOB-1048,2025-11-11,16.44,Day,Team B
PROD007,JOB-1692,2025-11-12,17.98,Night,Team A
PROD007,JOB-1140,2025-11-13,17.72,Day,Team A
PROD007,JOB-1231,2025-11-14,12.71,Night,Team C
PROD007,JOB-1989,2025-11-15,6.97,Day,Team C
PROD007,JOB-1246,2025-11-16,8.07,Day,Team B
PROD007,JOB-1759,2025-11-17,11.12,Night,Team B
PROD007,JOB-1737,2025-11-18,22.68,Day,Team A
PROD007,JOB-1819,2025-11-19,18.87,Day,Team B
PROD007,JOB-1187,2025-11-20,14.26,Night,Team C
PROD007,JOB-1071,2025-11-21,16.38,Night,Team A
PROD007,JOB-1691,2025-11-22,6.72,Night,Team A
PROD007,JOB-1089,2025-11-23,5.91,Day,Team B
PROD007,JOB-1302,2025-11-24,18.74,Day,Team B
PROD007,JOB-1229,2025-11-25,15.28,Day,Team A
PROD007,JOB-1047,2025-11-26,19.5,Day,Team C
PROD007,JOB-1970,2025-11-27,17.82,Night,Team C
PROD007,JOB-1905,2025-11-28,17.14,Day,Team A
PROD008,JOB-1744,2025-08-31,8.11,Night,Team B
PROD008,JOB-1802,2025-09-01,19.22,Night,Team B
PROD008,JOB-1041,2025-09-02,25.36,Night,Team A
PROD008,JOB-1702,2025-09-03,23.75,Day,Team A
PROD008,JOB-1752,2025-09-04,21.66,Night,Team B
PROD008,JOB-1310,2025-09-05,15.86,Day,Team C
PROD008,JOB-1492,2025-09-06,8.02,Night,Team A
PROD008,JOB-1400,2025-09-07,10.15,Day,Team A
PROD008,JOB-1594,2025-09-08,25.67,Night,Team A
PROD008,JOB-1829,2025-09-09,25.12,Night,Team C
PROD008,JOB-1954,2025-09-10,20.52,Day,Team B
PROD008,JOB-1078,2025-09-11,20.33,Day,Team B
PROD008,JOB-1782,2025-09-12,16.57,Day,Team B
PROD008,JOB-1823,2025-09-13,8.23,Day,Team C
PROD008,JOB-1183,2025-09-14,7.52,Night,Team B
PROD008,JOB-1838,2025-09-15,21.93,Night,Team B
PROD008,JOB-1971,2025-09-16,20.73,Night,Team C
PROD008,JOB-1862,2025-09-17,19.6,Day,Team C
PROD008,JOB-1145,2025-09-18,17.51,Day,Team B
PROD008,JOB-1058,2025-09-19,16.99,Day,Team C
PROD008,JOB-1967,2025-09-20,7.88,Day,Team A
PROD008,JOB-1113,2025-09-21,6.63,Night,Team C
PROD008,JOB-1415,2025-09-22,21.5,Day,Team B
PROD008,JOB-1608,2025-09-23,22.85,Night,Team C
PROD008,JOB-1067,2025-09-24,21.57,Night,Team B
PROD008,JOB-1544,2025-09-25,18.31,Night,Team A
PROD008,JOB-1692,2025-09-26,17.73,Day,Team A
PROD008,JOB-1893,2025-09-27,7.44,Night,Team B
PROD008,JOB-1723,2025-09-28,8.82,Night,Team A
PROD008,JOB-1369,2025-09-29,20.3,Day,Team B
PROD008,JOB-1985,2025-09-30,17.34,Day,Team C
PROD008,JOB-1697,2025-10-01,16.21,Night,Team B
PROD008,JOB-1179,2025-10-02,19.74,Day,Team A
PROD008,JOB-1714,2025-10-03,17.88,Day,Team B
PROD008,JOB-1498,2025-10-04,6.26,Night,Team C
PROD008,JOB-1293,2025-10-05,7.06,Day,Team C
PROD008,JOB-1974,2025-10-06,21.15,Day,Team A
PROD008,JOB-1871,2025-10-07,22.26,Night,Team B
PROD008,JOB-1156,2025-10-08,18.52,Night,Team B
PROD008,JOB-1232,2025-10-09,22.28,Night,Team B
PROD008,JOB-1227,2025-10-10,19.78,Day,Team A
PROD008,JOB-1163,2025-10-11,8.44,Night,Team C
PROD008,JOB-1814,2025-10-12,6.75,Day,Team A
PROD008,JOB-1469,2025-10-13,15.23,Night,Team A
PROD008,JOB-1881,2025-10-14,20.11,Night,Team B
PROD008,JOB-1992,2025-10-15,19.18,Day,Team B
PROD008,JOB-1730,2025-10-16,14.44,Day,Team B
PROD008,JOB-1828,2025-10-17,16.15,Day,Team A
PROD008,JOB-1445,2025-10-18,6.83,Night,Team B
PROD008,JOB-1284,2025-10-19,6.19,Night,Team A
PROD008,JOB-1162,2025-10-20,23.44,Day,Team A
PROD008,JOB-1590,2025-10-21,15.0,Night,Team B
PROD008,JOB-1928,2025-10-22,14.5,Day,Team A
PROD008,JOB-1473,2025-10-23,12.83,Day,Team C
PROD008,JOB-1450,2025-10-24,13.47,Night,Team A
PROD008,JOB-1017,2025-10-25,4.68,Night,Team B
PROD008,JOB-1255,2025-10-26,7.52,Day,Team C
PROD008,JOB-1772,2025-10-27,21.73,Day,Team C
PROD008,JOB-1340,2025-10-28,11.7,Night,Team C
PROD008,JOB-1952,2025-10-29,16.73,Day,Team B
PROD008,JOB-1805,2025-10-30,13.2,Day,Team C
PROD008,JOB-1428,2025-10-31,12.71,Night,Team B
PROD008,JOB-1613,2025-11-01,8.2,Night,Team C
PROD008,JOB-1775,2025-11-02,5.09,Day,Team B
PROD008,JOB-1641,2025-11-03,17.28,Day,Team C
PROD008,JOB-1982,2025-11-04,14.74,Day,Team B
PROD008,JOB-1478,2025-11-05,15.98,Day,Team A
PROD008,JOB-1418,2025-11-06,10.87,Day,Team A
PROD008,JOB-1142,2025-11-07,13.34,Night,Team A
PROD008,JOB-1331,2025-11-08,8.02,Day,Team B
PROD008,JOB-1290,2025-11-09,5.03,Night,Team C
PROD008,JOB-1001,2025-11-10,13.01,Night,Team A
PROD008,JOB-1021,2025-11-11,14.9,Day,Team A
PROD008,JOB-1146,2025-11-12,15.14,Day,Team C
PROD008,JOB-1756,2025-11-13,15.15,Day,Team A
PROD008,JOB-1470,2025-11-14,15.28,Day,Team B
PROD008,JOB-1168,2025-11-15,5.66,Day,Team C
PROD008,JOB-1662,2025-11-16,5.23,Day,Team C
PROD008,JOB-1495,2025-11-17,15.31,Night,Team C
PROD008,JOB-1969,2025-11-18,15.98,Day,Team A
PROD008,JOB-1162,2025-11-19,15.86,Day,Team A
PROD008,JOB-1283,2025-11-20,9.1,Night,Team C
PROD008,JOB-1822,2025-11-21,13.13,Day,Team B
PROD008,JOB-1684,2025-11-22,4.04,Night,Team C
PROD008,JOB-1791,2025-11-23,6.23,Day,Team B
PROD008,JOB-1012,2025-11-24,14.76,Day,Team A
PROD008,JOB-1599,2025-11-25,14.82,Day,Team B
PROD008,JOB-1320,2025-11-26,11.78,Night,Team B
PROD008,JOB-1453,2025-11-27,13.08,Night,Team B
PROD008,JOB-1191,2025-11-28,12.2,Night,Team C
PROD009,JOB-1184,2025-08-31,6.1,Day,Team A
PROD009,JOB-1103,2025-09-01,10.01,Day,Team C
PROD009,JOB-1294,2025-09-02,15.09,Day,Team B
PROD009,JOB-1134,2025-09-03,14.04,Night,Team B
PROD009,JOB-1950,2025-09-04,8.71,Night,Team A
PROD009,JOB-1299,2025-09-05,14.62,Night,Team A
PROD009,JOB-1040,2025-09-06,5.19,Day,Team B
PROD009,JOB-1344,2025-09-07,4.89,Night,Team A
PROD009,JOB-1693,2025-09-08,18.63,Day,Team A
PROD009,JOB-1781,2025-09-09,18.63,Day,Team B
PROD009,JOB-1811,2025-09-10,13.13,Day,Team B
PROD009,JOB-1528,2025-09-11,16.49,Night,Team B
PROD009,JOB-1618,2025-09-12,8.73,Night,Team C
PROD009,JOB-1377,2025-09-13,3.41,Day,Team C
PROD009,JOB-1933,2025-09-14,7.48,Day,Team C
PROD009,JOB-1307,2025-09-15,11.31,Day,Team A
PROD009,JOB-1282,2025-09-16,16.48,Night,Team B
PROD009,JOB-1681,2025-09-17,13.56,Day,Team A
PROD009,JOB-1606,2025-09-18,12.5,Night,Team C
PROD009,JOB-1355,2025-09-19,10.07,Night,Team A
PROD009,JOB-1243,2025-09-20,4.21,Night,Team B
PROD009,JOB-1853,2025-09-21,3.43,Day,Team A
PROD009,JOB-1972,2025-09-22,12.84,Night,Team C
PROD009,JOB-1614,2025-09-23,15.08,Night,Team C
PROD009,JOB-1100,2025-09-24,18.23,Day,Team C
PROD009,JOB-1141,2025-09-25,13.16,Night,Team A
PROD009,JOB-1805,2025-09-26,7.89,Night,Team C
PROD009,JOB-1597,2025-09-27,5.73,Day,Team B
PROD009,JOB-1529,2025-09-28,4.63,Night,Team B
PROD009,JOB-1946,2025-09-29,14.65,Night,Team A
PROD009,JOB-1421,2025-09-30,11.04,Day,Team A
PROD009,JOB-1236,2025-10-01,12.56,Night,Team B
PROD009,JOB-1386,2025-10-02,13.76,Day,Team C
PROD009,JOB-1928,2025-10-03,15.93,Night,Team C
PROD009,JOB-1675,2025-10-04,6.14,Day,Team B
PROD009,JOB-1949,2025-10-05,6.08,Day,Team C
PROD009,JOB-1189,2025-10-06,15.95,Night,Team C
PROD009,JOB-1719,2025-10-07,12.24,Day,Team C
PROD009,JOB-1705,2025-10-08,16.42,Day,Team A
PROD009,JOB-1017,2025-10-09,15.01,Day,Team C
PROD009,JOB-1219,2025-10-10,15.23,Day,Team B
PROD009,JOB-1344,2025-10-11,5.89,Day,Team A
PROD009,JOB-1508,2025-10-12,5.23,Day,Team A
PROD009,JOB-1596,2025-10-13,14.04,Day,Team A
PROD009,JOB-1231,2025-10-14,17.4,Night,Team A
PROD009,JOB-1284,2025-10-15,14.32,Night,Team B
PROD009,JOB-1826,2025-10-16,17.44,Night,Team A
PROD009,JOB-1196,2025-10-17,16.02,Night,Team B
PROD009,JOB-1355,2025-10-18,5.84,Day,Team C
PROD009,JOB-1530,2025-10-19,6.64,Day,Team B
PROD009,JOB-1651,2025-10-20,14.28,Day,Team A
PROD009,JOB-1006,2025-10-21,17.64,Day,Team C
PROD009,JOB-1750,2025-10-22,17.1,Night,Team C
PROD009,JOB-1295,2025-10-23,14.99,Day,Team A
PROD009,JOB-1204,2025-10-24,14.35,Night,Team A
PROD009,JOB-1824,2025-10-25,7.59,Day,Team A
PROD009,JOB-1613,2025-10-26,6.69,Night,Team B
PROD009,JOB-1693,2025-10-27,15.55,Night,Team B
PROD009,JOB-1627,2025-10-28,22.56,Night,Team A
PROD009,JOB-1735,2025-10-29,17.58,Night,Team C
PROD009,JOB-1752,2025-10-30,17.54,Day,Team A
PROD009,JOB-1880,2025-10-31,16.69,Day,Team A
PROD009,JOB-1259,2025-11-01,5.82,Night,Team C
PROD009,JOB-1262,2025-11-02,7.14,Day,Team A
PROD009,JOB-1276,2025-11-03,20.01,Day,Team A
PROD009,JOB-1495,2025-11-04,14.32,Day,Team B
PROD009,JOB-1005,2025-11-05,19.29,Day,Team A
PROD009,JOB-1842,2025-11-06,16.94,Day,Team A
PROD009,JOB-1534,2025-11-07,13.7,Day,Team B
PROD009,JOB-1142,2025-11-08,7.55,Night,Team C
PROD009,JOB-1322,2025-11-09,6.17,Night,Team A
PROD009,JOB-1227,2025-11-10,14.0,Night,Team B
PROD009,JOB-1251,2025-11-11,17.33,Day,Team C
PROD009,JOB-1322,2025-11-12,17.93,Day,Team A
PROD009,JOB-1152,2025-11-13,19.34,Night,Team C
PROD009,JOB-1195,2025-11-14,16.39,Day,Team A
PROD009,JOB-1551,2025-11-15,6.12,Day,Team B
PROD009,JOB-1039,2025-11-16,6.88,Night,Team C
PROD009,JOB-1732,2025-11-17,19.35,Day,Team A
PROD009,JOB-1817,2025-11-18,20.89,Day,Team C
PROD009,JOB-1723,2025-11-19,23.89,Night,Team C
PROD009,JOB-1423,2025-11-20,14.88,Night,Team C
PROD009,JOB-1926,2025-11-21,17.44,Night,Team A
PROD009,JOB-1867,2025-11-22,5.79,Day,Team C
PROD009,JOB-1976,2025-11-23,6.68,Night,Team C
PROD009,JOB-1538,2025-11-24,18.63,Day,Team A
PROD009,JOB-1500,2025-11-25,17.65,Day,Team A
PROD009,JOB-1362,2025-11-26,17.3,Day,Team A
PROD009,JOB-1610,2025-11-27,20.15,Day,Team A
PROD009,JOB-1237,2025-11-28,16.06,Night,Team C
PROD010,JOB-1476,2025-08-31,1.0,Day,Team A
PROD010,JOB-1802,2025-09-01,8.67,Day,Team C
PROD010,JOB-1078,2025-09-02,4.62,Day,Team A
PROD010,JOB-1746,2025-09-03,7.65,Night,Team A
PROD010,JOB-1662,2025-09-04,12.36,Day,Team C
PROD010,JOB-1323,2025-09-05,6.35,Day,Team A
PROD010,JOB-1065,2025-09-06,3.77,Night,Team A
PROD010,JOB-1894,2025-09-07,2.38,Night,Team C
PROD010,JOB-1128,2025-09-08,8.08,Night,Team B
PROD010,JOB-1598,2025-09-09,13.09,Day,Team B
PROD010,JOB-1862,2025-09-10,8.38,Day,Team B
PROD010,JOB-1283,2025-09-11,6.33,Night,Team A
PROD010,JOB-1220,2025-09-12,5.01,Day,Team B
PROD010,JOB-1175,2025-09-13,1.86,Night,Team B
PROD010,JOB-1426,2025-09-14,1.49,Day,Team C
PROD010,JOB-1858,2025-09-15,6.69,Day,Team A
PROD010,JOB-1275,2025-09-16,8.39,Night,Team A
PROD010,JOB-1300,2025-09-17,6.39,Night,Team C
PROD010,JOB-1968,2025-09-18,7.74,Day,Team B
PROD010,JOB-1855,2025-09-19,8.55,Day,Team C
PROD010,JOB-1030,2025-09-20,1.83,Night,Team B
PROD010,JOB-1395,2025-09-21,1.91,Day,Team B
PROD010,JOB-1789,2025-09-22,7.26,Night,Team C
PROD010,JOB-1584,2025-09-23,10.13,Day,Team A
PROD010,JOB-1676,2025-09-24,1.64,Day,Team A
PROD010,JOB-1468,2025-09-25,4.87,Night,Team C
PROD010,JOB-1390,2025-09-26,1.86,Day,Team A
PROD010,JOB-1782,2025-09-27,2.28,Night,Team A
PROD010,JOB-1040,2025-09-28,0.62,Day,Team B
PROD010,JOB-1738,2025-09-29,6.31,Day,Team B
PROD010,JOB-1472,2025-09-30,6.67,Night,Team C
PROD010,JOB-1465,2025-10-01,1.97,Night,Team C
PROD010,JOB-1400,2025-10-02,2.16,Day,Team C
PROD010,JOB-1329,2025-10-03,2.82,Day,Team C
PROD010,JOB-1145,2025-10-04,1.51,Day,Team B
PROD010,JOB-1503,2025-10-05,1.25,Day,Team A
PROD010,JOB-1672,2025-10-06,2.45,Night,Team A
PROD010,JOB-1736,2025-10-07,2.51,Night,Team C
PROD010,JOB-1217,2025-10-08,7.94,Day,Team B
PROD010,JOB-1636,2025-10-09,2.65,Day,Team C
PROD010,JOB-1739,2025-10-10,1.06,Day,Team C
PROD010,JOB-1404,2025-10-11,0.51,Day,Team A
PROD010,JOB-1683,2025-10-12,1.94,Day,Team A
PROD010,JOB-1507,2025-10-13,6.92,Day,Team C
PROD010,JOB-1312,2025-10-14,2.83,Night,Team B
PROD010,JOB-1695,2025-10-15,5.79,Night,Team A
PROD010,JOB-1860,2025-10-16,3.95,Day,Team B
PROD010,JOB-1169,2025-10-17,3.75,Day,Team B
PROD010,JOB-1744,2025-10-18,0.84,Day,Team B
PROD010,JOB-1655,2025-10-19,0.0,Day,Team B
PROD010,JOB-1721,2025-10-20,3.87,Night,Team A
PROD010,JOB-1697,2025-10-21,3.93,Day,Team C
PROD010,JOB-1277,2025-10-22,3.74,Day,Team A
PROD010,JOB-1383,2025-10-23,2.8,Night,Team B
PROD010,JOB-1457,2025-10-24,1.99,Day,Team B
PROD010,JOB-1940,2025-10-25,0.43,Day,Team C
PROD010,JOB-1863,2025-10-26,0.94,Night,Team B
PROD010,JOB-1097,2025-10-27,3.26,Night,Team B
PROD010,JOB-1833,2025-10-28,2.09,Night,Team A
PROD010,JOB-1664,2025-10-29,2.36,Day,Team B
PROD010,JOB-1535,2025-10-30,0.16,Day,Team A
PROD010,JOB-1711,2025-10-31,4.16,Night,Team A
PROD010,JOB-1739,2025-11-01,0.37,Night,Team C
PROD010,JOB-1028,2025-11-02,1.62,Day,Team C
PROD010,JOB-1306,2025-11-03,0.57,Night,Team A
PROD010,JOB-1676,2025-11-04,0.0,Day,Team B
PROD010,JOB-1711,2025-11-05,0.65,Night,Team C
PROD010,JOB-1262,2025-11-06,0.4,Day,Team B
PROD010,JOB-1969,2025-11-07,0.0,Night,Team B
PROD010,JOB-1322,2025-11-08,1.34,Day,Team B
PROD010,JOB-1173,2025-11-09,0.18,Night,Team B
PROD010,JOB-1801,2025-11-10,1.75,Day,Team B
PROD010,JOB-1960,2025-11-11,4.19,Day,Team A
PROD010,JOB-1302,2025-11-12,3.77,Night,Team A
PROD010,JOB-1325,2025-11-13,1.17,Day,Team A
PROD010,JOB-1039,2025-11-14,0.0,Day,Team B
PROD010,JOB-1056,2025-11-15,0.44,Night,Team C
PROD010,JOB-1512,2025-11-16,0.0,Day,Team B
PROD010,JOB-1208,2025-11-17,3.12,Day,Team B
PROD010,JOB-1803,2025-11-18,5.39,Night,Team A
PROD010,JOB-1470,2025-11-19,0.0,Day,Team C
PROD010,JOB-1888,2025-11-20,0.0,Day,Team C
PROD010,JOB-1368,2025-11-21,0.0,Night,Team C
PROD010,JOB-1197,2025-11-22,0.0,Night,Team A
PROD010,JOB-1840,2025-11-23,0.62,Night,Team A
PROD010,JOB-1965,2025-11-24,2.95,Night,Team B
PROD010,JOB-1582,2025-11-25,0.29,Day,Team A
PROD010,JOB-1364,2025-11-26,7.04,Night,Team C
PROD010,JOB-1477,2025-11-27,0.0,Day,Team B
PROD010,JOB-1172,2025-11-28,0.0,Night,Team C
